company,ticker,subreddit,title,score,upvote_ratio,num_comments,date,url,week,year,year_week,clean_title,sentiment_score,sentiment_label
Tesla,TSLA,stocks,Elon Plans to Quit DOGE in May this Year Due to Stockholder Angst. States He Will Save the US $1 Trillion Dollars before He Leaves. $TSLA Down 34% YTD,1636,0.98,434,2025-03-28,https://www.reddit.com/gallery/1jlxtdp,13,2025,2025-W12,elon plans to quit doge in may this year due to stockholder angst states he will save the us trillion dollars before he leaves tsla down ytd,0.4939,positive
Apple,AAPL,stocks,Over $1.25 trillion wiped out from the US stock market today 📈💳💰📈🏦💰,4415,0.97,402,2025-03-28,https://www.reddit.com/gallery/1jm6474,13,2025,2025-W12,over trillion wiped out from the us stock market today,0.0,neutral
Apple,AAPL,stocks,He may have been asleep but..,17449,0.97,460,2025-03-29,https://i.redd.it/gd70lhe75nre1.png,13,2025,2025-W12,he may have been asleep but,0.0,neutral
Amazon,AMZN,stocks,Smile everyone!,23770,0.9,563,2025-03-31,https://i.redd.it/6aishonty1se1.png,14,2025,2025-W13,smile everyone,0.3612,positive
Tesla,TSLA,stocks,"Tesla, Inc. (TSLA) a ""Ponzi Scheme""?",1423,0.96,128,2025-04-01,https://finance.yahoo.com/news/elon-musks-estranged-daughter-labels-003018001.html,14,2025,2025-W13,tesla inc tsla a ponzi scheme,0.0,neutral
Tesla,TSLA,stocks,Almost $15k in TSLA puts let’s hope for the best (or worst),384,0.91,320,2025-04-01,https://i.redd.it/tvp3gezvbase1.jpeg,14,2025,2025-W13,almost k in tsla puts lets hope for the best or worst,0.4588,positive
Tesla,TSLA,stocks,$4.5k gain on TSLA puts. And to all the people that doubted me suck my balls.,729,0.87,158,2025-04-02,https://www.reddit.com/gallery/1jpoq6l,14,2025,2025-W13,k gain on tsla puts and to all the people that doubted me suck my balls,-0.1531,negative
Tesla,TSLA,stocks,"$TSLA - Tesla Inc Q1 Total Deliveries 336,681 Units. Tesla Inc Q1 Total Production 362,615 Units",721,0.93,409,2025-04-02,https://www.reddit.com/r/TSLA/comments/1jpo152/tsla_tesla_inc_q1_total_deliveries_336681_units/,14,2025,2025-W13,tsla tesla inc q total deliveries units tesla inc q total production units,0.0,neutral
Tesla,TSLA,stocks,Why is TSLA up 5% today?,675,0.81,524,2025-04-02,https://www.reddit.com/r/stocks/comments/1jpt6p3/why_is_tsla_up_5_today/,14,2025,2025-W13,why is tsla up today,0.0,neutral
Tesla,TSLA,stocks,"Tesla (TSLA) announces 336,681 deliveries, far worse than expected",6731,0.97,722,2025-04-02,https://electrek.co/2025/04/02/tesla-tsla-q1-deliveries-worse/,14,2025,2025-W13,tesla tsla announces deliveries far worse than expected,-0.4767,negative
Apple,AAPL,stocks,They're tariffing literally everyone,16941,0.95,3549,2025-04-03,https://i.redd.it/tn8ipnx12pse1.jpeg,14,2025,2025-W13,theyre tariffing literally everyone,0.0,neutral
Apple,AAPL,stocks,JUST IN: 🇺🇸 Over $1.65 trillion wiped out from US stock market at open.,9525,0.98,311,2025-04-03,https://i.redd.it/g8oehvnyimse1.jpeg,14,2025,2025-W13,just in over trillion wiped out from us stock market at open,0.0,neutral
Apple,AAPL,stocks,To resuscitate the patient,14245,0.97,578,2025-04-03,https://i.redd.it/isg9wb43umse1.png,14,2025,2025-W13,to resuscitate the patient,0.0,neutral
Apple,AAPL,stocks,I dear the right wingers to justify this,10213,0.92,1721,2025-04-04,https://www.reddit.com/gallery/1jrd4xs,14,2025,2025-W13,i dear the right wingers to justify this,0.3818,positive
Tesla,TSLA,stocks,Here's what TSLA analysts are saying about Tesla's big delivery miss,888,0.99,143,2025-04-04,https://electrek.co/2025/04/03/what-tsla-analysts-saying-about-tesla-delivery-miss/,14,2025,2025-W13,heres what tsla analysts are saying about teslas big delivery miss,-0.1531,negative
Apple,AAPL,stocks,AAPL PUTS. Almost 100k in gains,761,0.97,26,2025-04-04,https://i.redd.it/4y7pgpj4rtse1.jpeg,14,2025,2025-W13,aapl puts almost k in gains,0.2782,positive
Tesla,TSLA,stocks,"Lost $7,200 in TSLA... in 28 minutes.",12637,0.95,880,2025-04-04,https://www.reddit.com/gallery/1jrhkc2,14,2025,2025-W13,lost in tsla in minutes,-0.3182,negative
Tesla,TSLA,stocks,Tsla $30 premium for $800 strike —- no brainer?,315,0.81,510,2025-04-04,https://i.redd.it/unciffm9ypse1.jpeg,14,2025,2025-W13,tsla premium for strike no brainer,-0.4019,negative
Tesla,TSLA,stocks,Why TSLA is a buy.,2371,0.7,590,2025-04-05,https://www.reddit.com/r/RealTesla/comments/1js68xu/why_tsla_is_a_buy/,14,2025,2025-W13,why tsla is a buy,0.0,neutral
Apple,AAPL,stocks,Are you guys tired of winning yet?,9103,0.99,301,2025-04-07,https://i.redd.it/syihya0l4ete1.jpeg,15,2025,2025-W14,are you guys tired of winning yet,0.128,positive
Apple,AAPL,stocks,From this morning…,54459,0.93,4298,2025-04-08,https://i.redd.it/988g3rl76ote1.jpeg,15,2025,2025-W14,from this morning,0.0,neutral
Apple,AAPL,stocks,"BREAKING: Apple $AAPL to shift iPhone production to India to avoid tariffs on China; MASSIVE market reversal, trillions wiped again",331,0.95,66,2025-04-08,https://www.reddit.com/gallery/1junjwy,15,2025,2025-W14,breaking apple aapl to shift iphone production to india to avoid tariffs on china massive market reversal trillions wiped again,-0.296,negative
Tesla,TSLA,stocks,Retail investors buying $TSLA dips prior to China tariffs,4423,0.99,89,2025-04-08,https://v.redd.it/h0dws5lv0ote1,15,2025,2025-W14,retail investors buying tsla dips prior to china tariffs,0.0,neutral
Apple,AAPL,stocks,Hold onto your butts,40337,0.96,1055,2025-04-09,https://i.redd.it/ewzhovurnute1.jpeg,15,2025,2025-W14,hold onto your butts,0.0,neutral
Apple,AAPL,stocks,The Art of the Deal?,3087,0.78,912,2025-04-09,https://i.redd.it/ymxu1kwc1wte1.jpeg,15,2025,2025-W14,the art of the deal,0.0,neutral
Amazon,AMZN,stocks,"AMZN is down to ~170$, the same price as 4.5 years ago.",5017,0.96,414,2025-04-09,https://i.redd.it/obaubib9rtte1.png,15,2025,2025-W14,amzn is down to the same price as years ago,0.0,neutral
Apple,AAPL,stocks,Biggest one-day gain for the NASDAQ since 10/13/2008 - but don't forget what happened 2 days later in 2008,5611,0.97,556,2025-04-09,https://www.reddit.com/r/wallstreetbets/comments/1jvijnj/biggest_oneday_gain_for_the_nasdaq_since_10132008/,15,2025,2025-W14,biggest oneday gain for the nasdaq since but dont forget what happened days later in,0.4937,positive
Tesla,TSLA,stocks,Help. Mom spent entire portfolio on TSLA at 375 on a whim.,884,0.86,462,2025-04-11,https://www.reddit.com/r/stocks/comments/1jwhxg2/help_mom_spent_entire_portfolio_on_tsla_at_375_on/,15,2025,2025-W14,help mom spent entire portfolio on tsla at on a whim,0.4019,positive
Apple,AAPL,stocks,BAD AAPL,751,0.94,28,2025-04-11,https://v.redd.it/90udiax7x8ue1,15,2025,2025-W14,bad aapl,-0.5423,negative
Apple,AAPL,stocks,"Breaking 🚨:Marjorie Taylor Greene bought the dip, again. She just disclosed up to $315K of new buys including. $PLTR, $AAPL, $NVDA, $QCOM, $NKE, $AMD. Some of these buys occurred on 4/8, just one day before Trump announced his pause on the tariffs. However she also bought",1145,0.99,38,2025-04-14,https://twitter.com/PelosiTracker_/status/1911809125635571865,16,2025,2025-W15,breaking marjorie taylor greene bought the dip again she just disclosed up to k of new buys including pltr aapl nvda qcom nke amd some of these buys occurred on just one day before trump announced his pause on the tariffs however she also bought,0.0,neutral
Tesla,TSLA,stocks,How bad is this for TSLA?,518,0.89,196,2025-04-15,https://www.reddit.com/r/stocks/comments/1jzhipc/how_bad_is_this_for_tsla/,16,2025,2025-W15,how bad is this for tsla,-0.5423,negative
Tesla,TSLA,stocks,Elon Musk goes on Tesla self-driving propaganda spree ahead of TSLA earnings,2361,0.96,282,2025-04-15,https://electrek.co/2025/04/15/elon-musk-tesla-self-driving-propaganda-spree-tsla-earnings/,16,2025,2025-W15,elon musk goes on tesla selfdriving propaganda spree ahead of tsla earnings,-0.25,negative
Tesla,TSLA,stocks,Tesla (TSLA) brand damage is destroying used car value: 'People don't want them anymore',5033,0.98,390,2025-04-18,https://electrek.co/2025/04/18/tesla-tsla-brand-damage-destroying-used-car-value/,16,2025,2025-W15,tesla tsla brand damage is destroying used car value people dont want them anymore,-0.683,negative
Tesla,TSLA,stocks,What do you think is going through Elons mind right now now? TSLA earnings call tomorrow.,1970,0.94,572,2025-04-21,https://www.reddit.com/r/stocks/comments/1k4m0wz/what_do_you_think_is_going_through_elons_mind/,17,2025,2025-W16,what do you think is going through elons mind right now now tsla earnings call tomorrow,0.0,neutral
Tesla,TSLA,stocks,TSLA EARNINGS ARE OUT,851,0.98,157,2025-04-22,https://i.redd.it/0jcpb6i32gwe1.jpeg,17,2025,2025-W16,tsla earnings are out,0.0,neutral
Tesla,TSLA,stocks,TSLA EARNINGS ARE OUT,732,0.98,160,2025-04-22,https://i.redd.it/9d17d8ku1gwe1.png,17,2025,2025-W16,tsla earnings are out,0.0,neutral
Tesla,TSLA,stocks,Tesla (TSLA) stock surges on Elon's lies despite disastrous earnings,914,0.98,173,2025-04-23,https://electrek.co/2025/04/23/tesla-tsla-stock-surges-elon-lies-despite-disastrous-earnings/,17,2025,2025-W16,tesla tsla stock surges on elons lies despite disastrous earnings,0.089,positive
Tesla,TSLA,stocks,Musk said he’s confident $TSLA can ship 1m optimus units by 2030,338,0.79,319,2025-04-23,https://v.redd.it/do84dcjcpnwe1,17,2025,2025-W16,musk said hes confident tsla can ship m optimus units by,0.4939,positive
Tesla,TSLA,stocks,Nearly $50k TSLA put YOLO,408,0.93,244,2025-04-29,https://i.redd.it/1or9l8ofttxe1.png,18,2025,2025-W17,nearly k tsla put yolo,0.2732,positive
Amazon,AMZN,stocks,"Trump Slams Amazon's Tariff Labeling as ‘Hostile, Political’ Move",43237,0.92,2385,2025-04-29,https://www.reddit.com/r/stocks/comments/1kanyf3/trump_slams_amazons_tariff_labeling_as_hostile/,18,2025,2025-W17,trump slams amazons tariff labeling as hostile political move,-0.4019,negative
Tesla,TSLA,stocks,"BREAKING: Tesla, $TSLA, Board of Directors have just reportedly opened a search for a CEO to succeed Elon Musk, per WSJ",1679,0.97,115,2025-05-01,https://www.reddit.com/r/unusual_whales/comments/1kbwou9/breaking_tesla_tsla_board_of_directors_have_just/,18,2025,2025-W17,breaking tesla tsla board of directors have just reportedly opened a search for a ceo to succeed elon musk per wsj,0.4939,positive
Tesla,TSLA,stocks,Tesla (TSLA) sales continue to crash in Europe despite new Model Y,3381,0.98,225,2025-05-01,https://electrek.co/2025/05/01/tesla-tsla-sales-continue-crash-europe-despite-new-model-y/,18,2025,2025-W17,tesla tsla sales continue to crash in europe despite new model y,-0.4019,negative
Tesla,TSLA,stocks,"It's Happening......Tesla, $TSLA, Board of Directors have just reportedly opened a search for a CEO to succeed Elon Musk, per WSJ 👀 😳 😲",941,0.97,99,2025-05-01,https://i.redd.it/9vxq9oknt2ye1.jpeg,18,2025,2025-W17,its happeningtesla tsla board of directors have just reportedly opened a search for a ceo to succeed elon musk per wsj,0.4939,positive
Apple,AAPL,stocks,"US Commerce Secretary Lutnick: ""We invent the Apple, $AAPL, iPhone, which is awesome. Why do we let everyone else build it? Why can't we build it here? ... we need hundreds of thousands of Americans who work in those factories.""",376,0.92,177,2025-05-05,https://v.redd.it/b9kjrhkhpvye1,19,2025,2025-W18,us commerce secretary lutnick we invent the apple aapl iphone which is awesome why do we let everyone else build it why cant we build it here we need hundreds of thousands of americans who work in those factories,0.6249,positive
Tesla,TSLA,stocks,Tesla (TSLA) UK sales crash after being only positive market in Europe,1506,0.96,247,2025-05-08,https://electrek.co/2025/05/06/tesla-tsla-uk-sales-crash-only-positive-market-europe/,19,2025,2025-W18,tesla tsla uk sales crash after being only positive market in europe,0.2263,positive
Tesla,TSLA,stocks,"LFG!!!!! TSLA this morning GOT ME INTO 6 FIGURES, INSANE MONTH OF TRADING!!!!! 2K start on April 8th",3245,0.85,854,2025-05-09,https://www.reddit.com/gallery/1kijgwd,19,2025,2025-W18,lfg tsla this morning got me into figures insane month of trading k start on april th,-0.4019,negative
Apple,AAPL,stocks,Buying XRP now is like buying AAPL in 2004-2005.,486,0.79,254,2025-05-20,https://www.reddit.com/r/XRP/comments/1kqsunx/buying_xrp_now_is_like_buying_aapl_in_20042005/,21,2025,2025-W20,buying xrp now is like buying aapl in,0.3612,positive
Apple,AAPL,stocks,Trump threatening Apple with 25% tariffs. $AAPL fucked,62,0.91,163,2025-05-23,https://i.redd.it/i3jtoff7ek2f1.jpeg,21,2025,2025-W20,trump threatening apple with tariffs aapl fucked,-0.8316,negative
Apple,AAPL,stocks,OUCH! President Trump just put out this statement about Tim Cook and Apple (AAPL),133,0.96,94,2025-05-23,https://i.redd.it/tff93e4moi2f1.png,21,2025,2025-W20,ouch president trump just put out this statement about tim cook and apple aapl,0.0,neutral
Tesla,TSLA,stocks,Realistically what is going to happen with TSLA robotaxi launch,430,0.88,809,2025-05-24,https://www.reddit.com/r/wallstreetbets/comments/1kugymb/realistically_what_is_going_to_happen_with_tsla/,21,2025,2025-W20,realistically what is going to happen with tsla robotaxi launch,0.0,neutral
Apple,AAPL,stocks,"Trump Insists Apple Can Move Production to the US Because of 'Computerized' Factories After Threatening Tariffs. ""So Donald is giving a company less than 30 days to build a complicated factory that will immediately begin producing. He really thinks like that?"" wrote one social media user.",25600,0.93,1936,2025-05-24,https://www.latintimes.com/trump-insists-apple-can-move-production-us-because-computerized-factories-after-threatening-583749,21,2025,2025-W20,trump insists apple can move production to the us because of computerized factories after threatening tariffs so donald is giving a company less than days to build a complicated factory that will immediately begin producing he really thinks like that wrote one social media user,0.2598,positive
Tesla,TSLA,stocks,30k TSLA Puts,489,0.89,357,2025-05-26,https://i.redd.it/6ztq6blu773f1.jpeg,22,2025,2025-W21,k tsla puts,0.0,neutral
Tesla,TSLA,stocks,Two Tesla (TSLA) insiders close to Elon Musk just sold almost $200 million worth of stocks,2063,0.99,146,2025-05-28,https://electrek.co/2025/05/28/tesla-tsla-insiders-close-elon-musk-just-sold-200-million-worth-stocks/,22,2025,2025-W21,two tesla tsla insiders close to elon musk just sold almost million worth of stocks,0.1585,positive
Apple,AAPL,stocks,No crying in the casino,4388,0.97,418,2025-06-02,https://www.reddit.com/gallery/1l1rduq,23,2025,2025-W22,no crying in the casino,-0.6486,negative
Tesla,TSLA,stocks,Leaked recording proves Tesla (TSLA) has employee morale problem,939,0.98,123,2025-06-04,https://electrek.co/2025/06/04/leaked-recording-tesla-tsla-has-employee-morale-problem/,23,2025,2025-W22,leaked recording proves tesla tsla has employee morale problem,-0.6124,negative
Tesla,TSLA,stocks,"If TSLA pushes my account value above $25,000 can i sell the put i bought today? I already have 3 day trades this week.",3063,0.93,574,2025-06-05,https://i.redd.it/gp98u67xs55f1.jpeg,23,2025,2025-W22,if tsla pushes my account value above can i sell the put i bought today i already have day trades this week,0.34,positive
Tesla,TSLA,stocks,Is TSLA finally going down?,277,0.75,298,2025-06-09,https://www.reddit.com/r/stocks/comments/1l7cxzm/is_tsla_finally_going_down/,24,2025,2025-W23,is tsla finally going down,0.0,neutral
Apple,AAPL,stocks,"LA Mayor Karen Bass on looting of Apple, $AAPL, store, Nike, $NKE, store: ""This was provoked by the White House""",491,0.91,82,2025-06-11,http://twitter.com/1200616796295847936/status/1932885829900513753,24,2025,2025-W23,la mayor karen bass on looting of apple aapl store nike nke store this was provoked by the white house,-0.2732,negative
Tesla,TSLA,stocks,In 8 consecutive tests $TSLA Full Self-Driving 13.2.9 ran down child mannequins crossing the road while illegally blowing past a stopped school bus during our live FSD demo in Austin,1012,0.98,190,2025-06-13,https://x.com/RealDanODowd/status/1933593110426034399?t=PqhFOqzCpySSYYXJmyA6Ag,24,2025,2025-W23,in consecutive tests tsla full selfdriving ran down child mannequins crossing the road while illegally blowing past a stopped school bus during our live fsd demo in austin,-0.2263,negative
Tesla,TSLA,stocks,Tesla Fails to Meet June 12 Launch for Its Robotaxis. Is This a Big Red Flag for TSLA Stock?,422,0.93,227,2025-06-13,https://www.reddit.com/r/teslastockholders/comments/1laoewi/tesla_fails_to_meet_june_12_launch_for_its/,24,2025,2025-W23,tesla fails to meet june launch for its robotaxis is this a big red flag for tsla stock,-0.4215,negative
Apple,AAPL,stocks,"Mark Zuckerberg of $META on Apple’s, $AAPL, inability to innovate:",238,0.85,87,2025-06-14,https://v.redd.it/ll1z6jhjmx6f1,24,2025,2025-W23,mark zuckerberg of meta on apples aapl inability to innovate,0.128,positive
Apple,AAPL,stocks,Am I cooked? [32K+ $AAPL YOLO],131,0.86,122,2025-06-14,https://i.redd.it/f8pdmftn0u6f1.jpeg,24,2025,2025-W23,am i cooked k aapl yolo,0.2732,positive
Tesla,TSLA,stocks,Tesla (TSLA) is sitting on so much inventory it has to take over parking lots all over the US,1168,0.99,155,2025-06-17,https://electrek.co/2025/06/17/tesla-tsla-inventory-overflow-parking-lots-all-over-us/,25,2025,2025-W24,tesla tsla is sitting on so much inventory it has to take over parking lots all over the us,0.0,neutral
Tesla,TSLA,stocks,$60K on TSLA Puts:  Why TSLA Will Be Down Big Next Few Weeks.,704,0.89,803,2025-06-22,https://i.redd.it/pefm04tozh8f1.jpeg,25,2025,2025-W25,k on tsla puts why tsla will be down big next few weeks,0.0,neutral
Amazon,AMZN,stocks,Would you buy NVDA AMD AMZN NFLX now?,77,0.74,289,2025-06-28,https://www.reddit.com/r/investing/comments/1lmezya/would_you_buy_nvda_amd_amzn_nflx_now/,26,2025,2025-W25,would you buy nvda amd amzn nflx now,0.0,neutral
Tesla,TSLA,stocks,Tesla (TSLA) crashes after Trump threatens to set DOGE on Elon Musk,1168,0.99,141,2025-07-01,https://electrek.co/2025/07/01/tesla-tsla-crashes-after-trump-threathens-to-set-doge-on-elon-musk/,27,2025,2025-W26,tesla tsla crashes after trump threatens to set doge on elon musk,-0.3818,negative
Amazon,AMZN,stocks,"Jeff Bezos has sold $737 million worth of Amazon, $AMZN, shares",672,0.97,75,2025-07-02,https://i.redd.it/w8gejd7qagaf1.jpeg,27,2025,2025-W26,jeff bezos has sold million worth of amazon amzn shares,0.5859,positive
Tesla,TSLA,stocks,$60K on TSLA Puts…Upped it to $72K,1080,0.93,451,2025-07-05,https://i.redd.it/51a4ohows4bf1.jpeg,27,2025,2025-W26,k on tsla putsupped it to k,0.0,neutral
Tesla,TSLA,stocks,TSLA PUTS. Oh Lord. Catch me if I fall.,398,0.95,245,2025-07-07,https://i.redd.it/t9s1p9pe9hbf1.jpeg,28,2025,2025-W27,tsla puts oh lord catch me if i fall,0.0,neutral
Amazon,AMZN,stocks,"Amazon, $AMZN, first day traffic for Amazon Prime Day is down 41%, per Bloomberg.",678,0.99,61,2025-07-09,http://twitter.com/1200616796295847936/status/1943006236636565769,28,2025,2025-W27,amazon amzn first day traffic for amazon prime day is down per bloomberg,0.34,positive
Apple,AAPL,stocks,Watching ChatGPT Make Me Money While I Chill and Crack a Cold One!,4506,0.87,870,2025-07-12,https://www.reddit.com/r/ChatGPT/comments/1ly8d45/watching_chatgpt_make_me_money_while_i_chill_and/,28,2025,2025-W27,watching chatgpt make me money while i chill and crack a cold one,0.0,neutral
Amazon,AMZN,stocks,"Pelosi just went heavy on AVGO, GOOGL, AMZN calls… is this the cheat code again?",619,0.96,177,2025-07-14,https://www.reddit.com/r/TheRaceTo10Million/comments/1lztbuo/pelosi_just_went_heavy_on_avgo_googl_amzn_calls/,29,2025,2025-W28,pelosi just went heavy on avgo googl amzn calls is this the cheat code again,-0.4588,negative
Amazon,AMZN,stocks,Should I invest in GOOG or AMZN at the current price?,227,0.86,242,2025-07-14,https://www.reddit.com/r/ValueInvesting/comments/1lzbmp1/should_i_invest_in_goog_or_amzn_at_the_current/,29,2025,2025-W28,should i invest in goog or amzn at the current price,0.0,neutral
Tesla,TSLA,stocks,"Tesla (TSLA) all but admits electric car sales growth is gone, gives up on guidance",661,0.98,170,2025-07-23,https://electrek.co/2025/07/23/tesla-tsla-admits-electric-car-sales-growth-gone-gives-up-guidance/,30,2025,2025-W29,tesla tsla all but admits electric car sales growth is gone gives up on guidance,0.7351,positive
Tesla,TSLA,stocks,I guess it is finally time to short $TSLA,364,0.78,357,2025-07-23,https://www.reddit.com/r/stocks/comments/1m7o7pf/i_guess_it_is_finally_time_to_short_tsla/,30,2025,2025-W29,i guess it is finally time to short tsla,0.0,neutral
Tesla,TSLA,stocks,Someone please explain $TSLA rebounding like it is,264,0.81,329,2025-07-25,https://www.reddit.com/r/investing/comments/1m93ike/someone_please_explain_tsla_rebounding_like_it_is/,30,2025,2025-W29,someone please explain tsla rebounding like it is,0.5859,positive
Apple,AAPL,stocks,APPLE $AAPL JUST REPORTED EARNINGS. DOUBLE BEAT!,1641,0.96,198,2025-07-31,https://www.cnbc.com/2025/07/31/apple-aapl-q3-earnings-report-2025.html,31,2025,2025-W30,apple aapl just reported earnings double beat,0.0,neutral
Amazon,AMZN,stocks,"Since 7/5/21 when Andy Jassy was named CEO, AMZN is up 18.3%, while the S&amp;P is up 45.1%.",470,0.94,130,2025-07-31,https://www.reddit.com/r/stocks/comments/1mefe6i/since_7521_when_andy_jassy_was_named_ceo_amzn_is/,31,2025,2025-W30,since when andy jassy was named ceo amzn is up while the sampp is up,0.0,neutral
Tesla,TSLA,stocks,Tesla (TSLA) is not paying its bills and it is destroying small American businesses,1650,0.98,194,2025-08-01,https://electrek.co/2025/08/01/tesla-tsla-is-not-paying-bills-destroying-small-american-businesses/,31,2025,2025-W30,tesla tsla is not paying its bills and it is destroying small american businesses,-0.5574,negative
Apple,AAPL,stocks,Is AAPL still a buy?,221,0.88,173,2025-08-05,https://www.reddit.com/r/stocks/comments/1mi465p/is_aapl_still_a_buy/,32,2025,2025-W31,is aapl still a buy,0.0,neutral
Apple,AAPL,stocks,Trump gets a golden tribute from Apple. Does this impact $AAPL’s public image or stock?,122,0.82,275,2025-08-07,https://i.redd.it/x5o55v4nqhhf1.jpeg,32,2025,2025-W31,trump gets a golden tribute from apple does this impact aapls public image or stock,0.0,neutral
Apple,AAPL,stocks,WE DID IT!!!,6748,0.94,612,2025-08-09,https://i.redd.it/bfr85k5pt1if1.jpeg,32,2025,2025-W31,we did it,0.0,neutral
Apple,AAPL,stocks,WHAT???,2679,0.97,671,2025-08-10,https://i.redd.it/15qdferta9if1.jpeg,32,2025,2025-W32,what,0.0,neutral
Apple,AAPL,stocks,"My biggest trade yet, doesn’t feel real to be doing this at 22 years old.",3245,0.79,504,2025-08-11,https://i.redd.it/r8qbmqvmeaif1.jpeg,33,2025,2025-W32,my biggest trade yet doesnt feel real to be doing this at years old,0.0,neutral
Amazon,AMZN,stocks,What to do with $200k in AMZN,143,0.84,181,2025-08-13,https://www.reddit.com/r/investing/comments/1mpdyuh/what_to_do_with_200k_in_amzn/,33,2025,2025-W32,what to do with k in amzn,0.0,neutral
Apple,AAPL,stocks,Warren Buffett's Berkshire Hathaway shows a new stake in UnitedHealth Group $UNH,2453,0.96,490,2025-08-14,https://i.redd.it/3t1n0wg3m1jf1.jpeg,33,2025,2025-W32,warren buffetts berkshire hathaway shows a new stake in unitedhealth group unh,0.0,neutral
Apple,AAPL,stocks,"Apple accidentally leaked its own top secret hardware in software code, revealing new products across seven categories",14533,0.88,796,2025-08-15,https://fortune.com/2025/08/14/apple-leaks-new-products-software-code-vision-pro-studio-display-homepod-tv-ipad/,33,2025,2025-W32,apple accidentally leaked its own top secret hardware in software code revealing new products across seven categories,-0.4404,negative
Apple,AAPL,stocks,Apple's Greed Is Finally Backfiring,3687,0.78,805,2025-08-17,https://www.youtube.com/watch?v=JUG1PlqAUJk,33,2025,2025-W33,apples greed is finally backfiring,-0.4019,negative
Apple,AAPL,stocks,Jim Cramer Says Reports Of Apple Inc. (AAPL)’s “Death” Are Overblown,491,0.86,190,2025-08-22,https://www.insidermonkey.com/blog/jim-cramer-says-reports-of-apple-inc-aapls-death-are-overblown-1594510/,34,2025,2025-W33,jim cramer says reports of apple inc aapls death are overblown,-0.5994,negative
Apple,AAPL,stocks,My 8yo is destroying my returns and beating the S&amp;P,2584,0.84,394,2025-08-30,https://www.reddit.com/r/stocks/comments/1n47cuu/my_8yo_is_destroying_my_returns_and_beating_the_sp/,35,2025,2025-W34,my yo is destroying my returns and beating the sampp,-0.765,negative
Tesla,TSLA,stocks,TSLA to lose major revenue source,750,0.95,164,2025-09-08,https://www.reddit.com/r/stocks/comments/1nbo9zy/tsla_to_lose_major_revenue_source/,37,2025,2025-W36,tsla to lose major revenue source,-0.4019,negative
Apple,AAPL,stocks,Someone at CDPR must've had a crystal ball and predicted what the public prescription of Musk will be in the future so they never put him in the game.,15110,0.94,701,2025-09-08,https://i.redd.it/9bqx5j143znf1.jpeg,37,2025,2025-W36,someone at cdpr mustve had a crystal ball and predicted what the public prescription of musk will be in the future so they never put him in the game,0.0,neutral
Apple,AAPL,stocks,"$AAPL - Apple launches Iphone 11, again.",25899,0.94,822,2025-09-09,https://i.redd.it/9u3ybxvzj6of1.jpeg,37,2025,2025-W36,aapl apple launches iphone again,0.0,neutral
Apple,AAPL,stocks,Waiting to see $AAPL iPhone designs tomorrow? Just browse cases for sale on $AMZN.,1482,0.95,243,2025-09-09,https://www.reddit.com/gallery/1nc5wns,37,2025,2025-W36,waiting to see aapl iphone designs tomorrow just browse cases for sale on amzn,0.0,neutral
Apple,AAPL,stocks,Apple $AAPL unveils AirPods Pro 3 with live translation feature.,1297,0.96,151,2025-09-10,https://v.redd.it/irflgiuqw8of1,37,2025,2025-W36,apple aapl unveils airpods pro with live translation feature,0.0,neutral
Tesla,TSLA,stocks,"BREAKING: Larry Ellison of Oracle, ORCL, is the richest person in the world, surpassing Elon Musk of Tesla, TSLA",843,0.97,112,2025-09-10,https://www.reddit.com/r/unusual_whales/comments/1ndg9v1/breaking_larry_ellison_of_oracle_orcl_is_the/,37,2025,2025-W36,breaking larry ellison of oracle orcl is the richest person in the world surpassing elon musk of tesla tsla,0.5267,positive
Tesla,TSLA,stocks,"Musk takes part in Robinson’s rally, backing a Neo-Nazi, with multiple convictions and pro-Putin. A great way to boost TSLA’s sales in Europe!",889,0.92,93,2025-09-14,https://i.redd.it/p3cni1sdk6pf1.jpeg,37,2025,2025-W37,musk takes part in robinsons rally backing a neonazi with multiple convictions and proputin a great way to boost tslas sales in europe,0.7845,positive
Amazon,AMZN,stocks,"Trump says TikTok deal went well – Who do you think will buy it: MSFT, ORCL, AMZN, or META?",947,0.92,442,2025-09-15,https://i.redd.it/ussazluwtepf1.jpeg,38,2025,2025-W37,trump says tiktok deal went well who do you think will buy it msft orcl amzn or meta,0.2732,positive
Apple,AAPL,stocks,"Many big CEOs are in the UK with Trump, including $NVDA, $MSFT, $AAPL, $PLTR, $CRM, OpenAI and more. The combined value of companies these CEOs represent is around $11.83 trillion USD.",3300,0.98,337,2025-09-18,https://v.redd.it/uqntbh3pnwpf1,38,2025,2025-W37,many big ceos are in the uk with trump including nvda msft aapl pltr crm openai and more the combined value of companies these ceos represent is around trillion usd,0.3947,positive
Apple,AAPL,stocks,AAPL: Strong iPhone 17 demand,246,0.89,93,2025-09-20,https://www.reddit.com/r/stocks/comments/1nmambu/aapl_strong_iphone_17_demand/,38,2025,2025-W37,aapl strong iphone demand,0.4215,positive
Tesla,TSLA,stocks,TSLA bulls are celebrating rn.,531,0.85,334,2025-09-22,https://www.reddit.com/r/stocks/comments/1nnnij5/tsla_bulls_are_celebrating_rn/,39,2025,2025-W38,tsla bulls are celebrating rn,0.5719,positive
Amazon,AMZN,stocks,"Whie you regards were losing money on AMZN and GOOG, IBM was printing stacks.",320,0.89,79,2025-09-25,https://i.redd.it/nsmt4c1n2crf1.png,39,2025,2025-W38,whie you regards were losing money on amzn and goog ibm was printing stacks,-0.3818,negative
Amazon,AMZN,stocks,AMZN yolo,239,0.94,109,2025-09-25,https://i.redd.it/vp8eefazkdrf1.png,39,2025,2025-W38,amzn yolo,0.2732,positive
Amazon,AMZN,stocks,Why does GOOG trade at a lower forward PE than AMZN?,151,0.9,152,2025-09-26,https://www.reddit.com/r/ValueInvesting/comments/1nr9xim/why_does_goog_trade_at_a_lower_forward_pe_than/,39,2025,2025-W38,why does goog trade at a lower forward pe than amzn,-0.296,negative
Amazon,AMZN,stocks,Thoughts on AMZN right now?,201,0.94,160,2025-09-26,https://www.reddit.com/r/ValueInvesting/comments/1nqrgka/thoughts_on_amzn_right_now/,39,2025,2025-W38,thoughts on amzn right now,0.0,neutral
Amazon,AMZN,stocks,AMZN vs GOOGL,100,0.95,130,2025-09-27,https://www.reddit.com/r/ValueInvesting/comments/1nrz0ln/amzn_vs_googl/,39,2025,2025-W38,amzn vs googl,0.0,neutral
Apple,AAPL,stocks,"Yes I DID get to 10M through ""regular stock investments”!",5302,0.96,444,2025-09-28,https://i.redd.it/1xbc8lpj8yrf1.jpeg,39,2025,2025-W39,yes i did get to m through regular stock investments,0.4019,positive
Tesla,TSLA,stocks,BREAKING: Elon Musk of Tesla $TSLA has just became the first person in history to hit $500 billion in net worth.,859,0.88,265,2025-10-02,https://www.reddit.com/r/unusual_whales/comments/1nvpneq/breaking_elon_musk_of_tesla_tsla_has_just_became/,40,2025,2025-W39,breaking elon musk of tesla tsla has just became the first person in history to hit billion in net worth,0.2263,positive
Apple,AAPL,stocks,$GOOGL getting ready to enter PC and operating software space to compete $MSFT $AAPL,1302,0.94,206,2025-10-02,https://www.theverge.com/news/784381/qualcomm-ceo-seen-googles-android-pc-merger-incredible,40,2025,2025-W39,googl getting ready to enter pc and operating software space to compete msft aapl,0.3612,positive
Apple,AAPL,stocks,"Someone just sold $6,560,000 worth of $AAPL 260 puts",3885,0.97,334,2025-10-07,https://i.redd.it/yfmg7nsxwptf1.jpeg,41,2025,2025-W40,someone just sold worth of aapl puts,0.2263,positive
Amazon,AMZN,stocks,"Senator Hawley on Amazon, $AMZN",630,0.98,46,2025-10-08,https://v.redd.it/hbwxssr6extf1,41,2025,2025-W40,senator hawley on amazon amzn,0.1779,positive
Tesla,TSLA,stocks,Enjoy the weekend,40304,0.95,1251,2025-10-10,https://i.redd.it/4xiwo8lapcuf1.jpeg,41,2025,2025-W40,enjoy the weekend,0.4939,positive
Apple,AAPL,stocks,This wouldn’t happen if he got the Nobel prize,10044,0.94,437,2025-10-10,https://i.redd.it/kl44l1sd3cuf1.jpeg,41,2025,2025-W40,this wouldnt happen if he got the nobel prize,0.5106,positive
Amazon,AMZN,stocks,Value Trap - AMZN,114,0.85,127,2025-10-20,https://www.reddit.com/r/ValueInvesting/comments/1obqpxr/value_trap_amzn/,43,2025,2025-W42,value trap amzn,0.0258,neutral
Amazon,AMZN,stocks,Someone explain why amzn didn't crash,359,0.87,251,2025-10-21,https://www.reddit.com/r/ValueInvesting/comments/1ocaztv/someone_explain_why_amzn_didnt_crash/,43,2025,2025-W42,someone explain why amzn didnt crash,0.3089,positive
Apple,AAPL,stocks,"Pan Masala is the main reason , sauthi vadhare gutka aaple ahiya khavai che!!!",180,0.93,74,2025-10-22,https://i.redd.it/be8eqizycowf1.jpeg,43,2025,2025-W42,pan masala is the main reason sauthi vadhare gutka aaple ahiya khavai che,0.0,neutral
Amazon,AMZN,stocks,Sell my $80k worth of AMZN stock?,201,0.81,224,2025-10-22,https://www.reddit.com/r/investing/comments/1ocytp6/sell_my_80k_worth_of_amzn_stock/,43,2025,2025-W42,sell my k worth of amzn stock,0.2263,positive
Amazon,AMZN,stocks,AMZN to layoff 30k corporate staff from tomorrow,296,0.99,91,2025-10-27,https://www.reddit.com/r/redmond/comments/1ohnv10/amzn_to_layoff_30k_corporate_staff_from_tomorrow/,44,2025,2025-W43,amzn to layoff k corporate staff from tomorrow,0.0,neutral
Amazon,AMZN,stocks,"Amazon (AMZN) to announce largest layoffs in company history, totaling as many as 30k corporate workers, source says",580,0.98,69,2025-10-27,https://www.cnbc.com/2025/10/27/amazon-to-announce-sweeping-corporate-job-cuts-starting-tuesday.html,44,2025,2025-W43,amazon amzn to announce largest layoffs in company history totaling as many as k corporate workers source says,0.1779,positive
Apple,AAPL,stocks,Nancy Pelosi new filing shows she sold $AAPL,287,0.93,66,2025-10-27,https://i.redd.it/wnmrgbyndqxf1.png,44,2025,2025-W43,nancy pelosi new filing shows she sold aapl,0.0,neutral
Amazon,AMZN,stocks,MSAI + AMZN? Why I believe something big is brewing:,143,0.97,189,2025-10-27,https://www.reddit.com/r/pennystocks/comments/1ohtjlv/msai_amzn_why_i_believe_something_big_is_brewing/,44,2025,2025-W43,msai amzn why i believe something big is brewing,0.0,neutral
Amazon,AMZN,stocks,Amazon is cutting 30k corporate jobs… and Wall Street is cheering lol,13029,0.93,1512,2025-10-27,https://www.reddit.com/r/stocks/comments/1ohn70r/amazon_is_cutting_30k_corporate_jobs_and_wall/,44,2025,2025-W43,amazon is cutting k corporate jobs and wall street is cheering lol,0.743,positive
Amazon,AMZN,stocks,"JUST IN: Amazon $AMZN to fire 30,000 employees starting tomorrow. Source: WatcherGuru",267,0.97,180,2025-10-27,https://i.redd.it/vw8yquyrapxf1.jpeg,44,2025,2025-W43,just in amazon amzn to fire employees starting tomorrow source watcherguru,-0.1779,negative
Amazon,AMZN,stocks,Turns out my dumbass might be a genius,16138,0.92,910,2025-10-27,https://i.redd.it/viwyo5je7qxf1.jpeg,44,2025,2025-W43,turns out my dumbass might be a genius,-0.5574,negative
Amazon,AMZN,stocks,$AMZN robotics push is aiming to automate 75% of operations. That would replace over a million jobs  😳,384,0.95,122,2025-10-28,https://v.redd.it/g0gtm21tdtxf1,44,2025,2025-W43,amzn robotics push is aiming to automate of operations that would replace over a million jobs,0.0,neutral
Amazon,AMZN,stocks,AMZN's KUIPER is worth $500BN (part of $4T AMZN)..and it's being priced at $0.,116,0.72,139,2025-10-30,https://www.reddit.com/r/wallstreetbets/comments/1okbo7n/amzns_kuiper_is_worth_500bn_part_of_4t_amznand/,44,2025,2025-W43,amzns kuiper is worth bn part of t amznand its being priced at,0.2263,positive
Amazon,AMZN,stocks,The last thing $AMZN bears see before getting margin-called,5808,0.97,265,2025-10-30,https://i.redd.it/abttvkf82cyf1.jpeg,44,2025,2025-W43,the last thing amzn bears see before getting margincalled,0.0,neutral
Amazon,AMZN,stocks,Just made 120k in AMZN,3129,0.92,289,2025-10-30,https://www.reddit.com/gallery/1okco3k,44,2025,2025-W43,just made k in amzn,0.0,neutral
Apple,AAPL,stocks,Apple earnings strong beat and ecosystem domination AAPL is heading higher,222,0.93,77,2025-10-30,https://www.reddit.com/r/stocks/comments/1okb9l1/apple_earnings_strong_beat_and_ecosystem/,44,2025,2025-W43,apple earnings strong beat and ecosystem domination aapl is heading higher,0.4767,positive
Tesla,TSLA,stocks,TSLA: Flying Cars before end of the year,655,0.78,570,2025-10-31,https://www.reddit.com/r/stocks/comments/1ol71tn/tsla_flying_cars_before_end_of_the_year/,44,2025,2025-W43,tsla flying cars before end of the year,0.0,neutral
Amazon,AMZN,stocks,AMZN FULL PORT STOCK GAIN,433,0.94,66,2025-10-31,https://www.reddit.com/gallery/1okh4k3,44,2025,2025-W43,amzn full port stock gain,0.5267,positive
Apple,AAPL,stocks,AAPL and AMZN crush earnings. Nvidia time to show how it's done?,292,0.96,38,2025-10-31,https://i.redd.it/rtmk0hphccyf1.jpeg,44,2025,2025-W43,aapl and amzn crush earnings nvidia time to show how its done,-0.1531,negative
Tesla,TSLA,stocks,Elon just said on Rogan that TSLA will be revealing essentially a flying car. More technically advanced than any car James Bond has ever driven.,575,0.88,487,2025-10-31,https://www.reddit.com/r/RealTesla/comments/1ol72rg/elon_just_said_on_rogan_that_tsla_will_be/,44,2025,2025-W43,elon just said on rogan that tsla will be revealing essentially a flying car more technically advanced than any car james bond has ever driven,0.3134,positive
Amazon,AMZN,stocks,“Couple energy”,48676,0.94,1608,2025-11-01,https://i.redd.it/1ghrchz46nyf1.jpeg,44,2025,2025-W43,couple energy,0.2732,positive
Tesla,TSLA,stocks,Are you holding $TSLA? One lucky upvoter will win $5k,544,0.71,95,2025-11-01,https://i.redd.it/5z368orevoyf1.jpeg,44,2025,2025-W43,are you holding tsla one lucky upvoter will win k,0.765,positive
Amazon,AMZN,stocks,Meta nvda goog amzn msft today with their AI investments,402,0.99,50,2025-11-03,https://i.redd.it/1vpmj9b062zf1.jpeg,45,2025,2025-W44,meta nvda goog amzn msft today with their ai investments,0.0,neutral
Tesla,TSLA,stocks,3 Reasons why TSLA will dump to below 400$ before end of the Year,1890,0.93,303,2025-11-03,https://i.redd.it/y94dkj8u62zf1.png,45,2025,2025-W44,reasons why tsla will dump to below before end of the year,-0.3818,negative
Tesla,TSLA,stocks,"JUST IN: Elon Musk's $1 Trillion pay package approved by Tesla $TSLA shareholders. Last month, Elon Musk became first person in history to surpass $500 billion net worth.",758,0.9,391,2025-11-06,https://i.redd.it/y1for4qsupzf1.jpeg,45,2025,2025-W44,just in elon musks trillion pay package approved by tesla tsla shareholders last month elon musk became first person in history to surpass billion net worth,0.5106,positive
Tesla,TSLA,stocks,JUST IN: Tesla $TSLA shareholders approve Elon Musk's $1 trillion pay package.,95,0.7,342,2025-11-06,https://i.redd.it/1hza58px5qzf1.png,45,2025,2025-W44,just in tesla tsla shareholders approve elon musks trillion pay package,-0.1027,negative
Apple,AAPL,stocks,Reminder of what you're buying with SP500,8108,0.94,904,2025-11-06,https://i.redd.it/nns52vaz6pzf1.png,45,2025,2025-W44,reminder of what youre buying with sp,0.0,neutral
Amazon,AMZN,stocks,AMZN or GOOG which is better to invest long term?,369,0.81,334,2025-11-12,https://www.reddit.com/r/investing/comments/1ouquiy/amzn_or_goog_which_is_better_to_invest_long_term/,46,2025,2025-W45,amzn or goog which is better to invest long term,0.4404,positive
Amazon,AMZN,stocks,"AMZN and GOOG, which one is better for long term holding",211,0.87,183,2025-11-13,https://www.reddit.com/r/stocks/comments/1ovr3kb/amzn_and_goog_which_one_is_better_for_long_term/,46,2025,2025-W45,amzn and goog which one is better for long term holding,0.4404,positive
Amazon,AMZN,stocks,GOOG &amp; AMZN,124,0.83,144,2025-11-15,https://www.reddit.com/r/ValueInvesting/comments/1oxu1lq/goog_amzn/,46,2025,2025-W45,goog amp amzn,0.0,neutral
Apple,AAPL,stocks,Which stock do you plan to hold for the next 5 -10 years? I’m definitely sticking with TSLA and AAPL,17,0.79,98,2025-11-16,https://www.reddit.com/r/FinnextAI/comments/1oyl22g/which_stock_do_you_plan_to_hold_for_the_next_5_10/,46,2025,2025-W46,which stock do you plan to hold for the next years im definitely sticking with tsla and aapl,0.4019,positive
Apple,AAPL,stocks,Are we headed for the biggest crash in history! 🔴,3690,0.93,874,2025-11-17,https://i.redd.it/fdpg1yl2ev1g1.jpeg,47,2025,2025-W46,are we headed for the biggest crash in history,-0.4019,negative
Tesla,TSLA,stocks,Amazing gains from investment—long TSLA,1931,0.96,60,2025-11-22,https://i.redd.it/ll2yu8ujgu2g1.jpeg,47,2025,2025-W46,amazing gains from investmentlong tsla,0.7351,positive
Apple,AAPL,stocks,This week’s recap,3094,0.87,290,2025-11-22,https://i.redd.it/uysi0k2mcu2g1.jpeg,47,2025,2025-W46,this weeks recap,0.0,neutral
Apple,AAPL,stocks,Daughter’s Apple investment milestone,13028,0.97,774,2025-12-03,https://i.redd.it/gyxlrwlos25g1.jpeg,49,2025,2025-W48,daughters apple investment milestone,0.0,neutral
Apple,AAPL,stocks,"Out of curiosity, does anyone here make a living just off of owning a lot of AAPL shares or AAPL shares and other shares?",62,0.88,100,2025-12-03,https://www.reddit.com/r/AAPL/comments/1pcoxf5/out_of_curiosity_does_anyone_here_make_a_living/,49,2025,2025-W48,out of curiosity does anyone here make a living just off of owning a lot of aapl shares or aapl shares and other shares,0.6808,positive
Apple,AAPL,stocks,Why I think AAPL might be done for,287,0.85,93,2025-12-04,https://i.redd.it/a4uvww5e945g1.png,49,2025,2025-W48,why i think aapl might be done for,0.0,neutral
Amazon,AMZN,stocks,"GOOGL, AMZN, META etc. vs V, MA, KO, PG, etc.",180,0.92,160,2025-12-05,https://www.reddit.com/r/ValueInvesting/comments/1pepzas/googl_amzn_meta_etc_vs_v_ma_ko_pg_etc/,49,2025,2025-W48,googl amzn meta etc vs v ma ko pg etc,0.0,neutral
Tesla,TSLA,stocks,89K short on TSLA for next week,384,0.94,172,2025-12-05,https://i.redd.it/9gxnmhnspg5g1.jpeg,49,2025,2025-W48,k short on tsla for next week,0.0,neutral
Tesla,TSLA,stocks,"Tesla is the most unreliable used car brand in America, even behind Jeep and Chrysler",35271,0.93,1975,2025-12-10,https://www.techspot.com/news/110538-used-teslas-among-least-reliable-vehicles-us-but.html,50,2025,2025-W49,tesla is the most unreliable used car brand in america even behind jeep and chrysler,0.0,neutral
Amazon,AMZN,stocks,AMZN 2026,560,0.99,107,2025-12-11,https://i.redd.it/ws9dpv27ii6g1.png,50,2025,2025-W49,amzn,0.0,neutral
Amazon,AMZN,stocks,AMZN vs GOOGL,236,0.94,130,2025-12-15,https://www.reddit.com/r/ValueInvesting/comments/1pncrl6/amzn_vs_googl/,51,2025,2025-W50,amzn vs googl,0.0,neutral
Tesla,TSLA,stocks,"TSLA just hit a new all time high stock price, one day away from being exactly a year that it hit its last all time high",239,0.83,162,2025-12-16,https://i.redd.it/g22e2rxtmm7g1.jpeg,51,2025,2025-W50,tsla just hit a new all time high stock price one day away from being exactly a year that it hit its last all time high,0.0,neutral
Tesla,TSLA,stocks,TSLA - expect sentiment shift after earnings,436,0.91,302,2025-12-16,https://www.reddit.com/r/wallstreetbets/comments/1pohi6c/tsla_expect_sentiment_shift_after_earnings/,51,2025,2025-W50,tsla expect sentiment shift after earnings,0.0,neutral
Amazon,AMZN,stocks,Amazon's growth is hidden ($AMZN),165,0.94,99,2025-12-21,https://www.reddit.com/r/ValueInvesting/comments/1psb61l/amazons_growth_is_hidden_amzn/,51,2025,2025-W51,amazons growth is hidden amzn,0.3612,positive
Apple,AAPL,stocks,Silver surpasses Apple $AAPL to become the 3rd largest asset in the world by market cap.,309,0.96,29,2025-12-23,https://i.redd.it/me6ag0x0v09g1.jpeg,52,2025,2025-W51,silver surpasses apple aapl to become the rd largest asset in the world by market cap,0.3612,positive
Amazon,AMZN,stocks,How did WSB's stock picks of 2025 perform?,5675,0.98,650,2025-12-24,https://www.reddit.com/r/wallstreetbets/comments/1puy95u/how_did_wsbs_stock_picks_of_2025_perform/,52,2025,2025-W51,how did wsbs stock picks of perform,0.0,neutral
Tesla,TSLA,stocks,"GM outperformed TSLA this year, up 55.66% vs 14.70%.",976,0.97,134,2025-12-29,https://i.redd.it/ajsn1j0s17ag1.png,1,2025,2025-W52,gm outperformed tsla this year up vs,0.0,neutral
Tesla,TSLA,stocks,Tesla (TSLA) does something unsual ahead of Q4 delivery results,228,0.95,159,2025-12-30,https://electrek.co/2025/12/29/tesla-tsla-does-something-unsual-q4-delivery-results/,1,2025,2025-W52,tesla tsla does something unsual ahead of q delivery results,0.0,neutral
Amazon,AMZN,stocks,My Turn. Became a millionaire in 2025.,19176,0.93,1206,2026-01-01,https://www.reddit.com/gallery/1q19tl3,1,2026,2026-W00,my turn became a millionaire in,0.0,neutral
Apple,AAPL,stocks,Turned into 🌈🐻 $AAPL TO 230,102,0.92,48,2026-01-02,https://i.redd.it/6hswosgzxyag1.jpeg,1,2026,2026-W00,turned into aapl to,0.0,neutral
Amazon,AMZN,stocks,Convince me that AMZN is in the same spot GOOGL was a year ago with facts and not technical analysis,147,0.91,102,2026-01-03,https://www.reddit.com/r/amzn/comments/1q2fxqg/convince_me_that_amzn_is_in_the_same_spot_googl/,1,2026,2026-W00,convince me that amzn is in the same spot googl was a year ago with facts and not technical analysis,0.25,positive
Apple,AAPL,stocks,AAPL is about to moon because Elon said it’s the new Tesla of smartphones or something,19,0.91,60,2026-01-05,https://www.reddit.com/gallery/1q4puss,2,2026,2026-W01,aapl is about to moon because elon said its the new tesla of smartphones or something,0.0,neutral
Tesla,TSLA,stocks,Millennial Dad Starter Pack,12188,0.92,1365,2026-01-06,https://i.redd.it/mqq5y5ql6rbg1.jpeg,2,2026,2026-W01,millennial dad starter pack,0.0,neutral
Apple,AAPL,stocks,Could Apple's stock price really drop to $200? I'm waiting to average down， am I being too patient?,2,0.53,59,2026-01-06,https://www.reddit.com/r/stocks/comments/1q5no4j/could_apples_stock_price_really_drop_to_200_im/,2,2026,2026-W01,could apples stock price really drop to im waiting to average down am i being too patient,-0.3384,negative
Apple,AAPL,stocks,AAPL price debate: still a “safe premium” or quietly becoming dead money?,19,0.69,39,2026-01-07,https://www.reddit.com/r/stocks/comments/1q6w0hi/aapl_price_debate_still_a_safe_premium_or_quietly/,2,2026,2026-W01,aapl price debate still a safe premium or quietly becoming dead money,-0.34,negative
Amazon,AMZN,stocks,Going balls deep on GOOG thanks to insiders on Polymarket,3490,0.95,536,2026-01-07,https://www.reddit.com/r/wallstreetbets/comments/1q61elv/going_balls_deep_on_goog_thanks_to_insiders_on/,2,2026,2026-W01,going balls deep on goog thanks to insiders on polymarket,0.4404,positive
Amazon,AMZN,stocks,AMZN $135 CALL HOLD OR SELL?,144,0.92,71,2026-01-08,https://i.redd.it/km3qs6kb06cg1.jpeg,2,2026,2026-W01,amzn call hold or sell,0.0,neutral
Apple,AAPL,stocks,"Apple admits defeat. Puts on Tim Cook, Calls on Sundar. 🚀",2422,0.9,396,2026-01-09,https://i.redd.it/yvjgxii4gbcg1.jpeg,2,2026,2026-W01,apple admits defeat puts on tim cook calls on sundar,-0.2023,negative
Apple,AAPL,stocks,"Apple, $AAPL, CEO Tim Cook ""has told senior leaders that he is tired and would like to reduce his workload,"" per NYT",184,0.98,33,2026-01-09,http://twitter.com/1200616796295847936/status/2009620422103601337,2,2026,2026-W01,apple aapl ceo tim cook has told senior leaders that he is tired and would like to reduce his workload per nyt,-0.1027,negative
Amazon,AMZN,stocks,GOOGL vs AMZN: Best pick for a 5-7 year horizon?,353,0.9,226,2026-01-11,https://www.reddit.com/r/stocks/comments/1q9n83z/googl_vs_amzn_best_pick_for_a_57_year_horizon/,2,2026,2026-W02,googl vs amzn best pick for a year horizon,0.6369,positive
Tesla,TSLA,stocks,Elon Musk announced that Tesla $TSLA Full Self-Driving will switch to a monthly subscription and remove the option of a one-time purchase,338,0.82,339,2026-01-14,https://i.redd.it/8fe75pstabdg1.png,3,2026,2026-W02,elon musk announced that tesla tsla full selfdriving will switch to a monthly subscription and remove the option of a onetime purchase,0.0,neutral
Tesla,TSLA,stocks,"Tesla (TSLA) to stop selling Full Self-Driving package, moves to subscription-only: why it's a big move",619,0.96,176,2026-01-14,https://electrek.co/2026/01/14/tesla-tsla-stop-selling-full-self-driving-package-subscription-only/,3,2026,2026-W02,tesla tsla to stop selling full selfdriving package moves to subscriptiononly why its a big move,-0.296,negative
Tesla,TSLA,stocks,Autonomy Turns Driving Into A Subscription And $TSLA Controls The Toll Booth 🤖,649,0.89,506,2026-01-15,https://i.redd.it/sayqrczqjidg1.jpeg,3,2026,2026-W02,autonomy turns driving into a subscription and tsla controls the toll booth,0.0,neutral
Apple,AAPL,stocks,Rule.,9321,1.0,116,2026-01-20,https://i.redd.it/mfjxavqfgkeg1.jpeg,4,2026,2026-W03,rule,0.0,neutral
Apple,AAPL,stocks,$AAPL BEAR 🐻 HERE 90k gain,286,0.93,49,2026-01-20,https://i.redd.it/c9i8bng06jeg1.jpeg,4,2026,2026-W03,aapl bear here k gain,0.5267,positive
Apple,AAPL,stocks,🇬🇱,9897,0.97,145,2026-01-20,https://i.redd.it/31upz0qosjeg1.jpeg,4,2026,2026-W03,,0.0,neutral
Amazon,AMZN,stocks,Amazon Just announces a new round of Lay-offs. Combined with AI driven lay-offs. $AMZN,3279,0.97,471,2026-01-22,https://www.reuters.com/business/world-at-work/amazon-plans-thousands-more-corporate-job-cuts-next-week-sources-say-2026-01-22/,4,2026,2026-W03,amazon just announces a new round of layoffs combined with ai driven layoffs amzn,0.1779,positive
Tesla,TSLA,stocks,$TSLA Tesla profits are down 70% over the past 3 years. How is this not a disaster?,1109,0.98,382,2026-01-22,https://i.redd.it/2f2ukwddoueg1.jpeg,4,2026,2026-W03,tsla tesla profits are down over the past years how is this not a disaster,0.7347,positive
Tesla,TSLA,stocks,TSLA Terathread - For the week of Jan 26,13,1.0,362,2026-01-26,https://www.reddit.com/r/RealTesla/comments/1qnc09m/tsla_terathread_for_the_week_of_jan_26/,5,2026,2026-W04,tsla terathread for the week of jan,0.0,neutral
Apple,AAPL,stocks,Breaking 🚨: Nancy Pelosi disclosed new trades — Sold ~$50M of $AAPL (Apple) Sold ~$5M of $DIS (Disney) Sold ~$500K of $PYPL (PayPal) Purchased ~$500K in $GOOGL (Google) call options,243,0.95,60,2026-01-27,https://www.reddit.com/gallery/1qo394t,5,2026,2026-W04,breaking nancy pelosi disclosed new trades sold m of aapl apple sold m of dis disney sold k of pypl paypal purchased k in googl google call options,0.0,neutral
Tesla,TSLA,stocks,Elon is not becoming a trillionaire anytime soon...,2134,0.87,758,2026-01-28,https://www.reddit.com/r/wallstreetbets/comments/1qp1kwh/elon_is_not_becoming_a_trillionaire_anytime_soon/,5,2026,2026-W04,elon is not becoming a trillionaire anytime soon,0.0,neutral
Tesla,TSLA,stocks,$TSLA Q4'25 Earnings Thread - 2026,19,0.88,326,2026-01-28,https://www.reddit.com/r/TSLALounge/comments/1qoy2nv/tsla_q425_earnings_thread_2026/,5,2026,2026-W04,tsla q earnings thread,0.0,neutral
Tesla,TSLA,stocks,Fool me once TSLA...,224,0.9,107,2026-01-29,https://www.reddit.com/r/stocks/comments/1qpt84a/fool_me_once_tsla/,5,2026,2026-W04,fool me once tsla,-0.4404,negative
Apple,AAPL,stocks,AAPL Quarterly Revenue $143.8 billion (up 15.7% YoY),279,0.97,122,2026-01-29,https://www.reddit.com/r/stocks/comments/1qqlw14/aapl_quarterly_revenue_1438_billion_up_157_yoy/,5,2026,2026-W04,aapl quarterly revenue billion up yoy,0.0,neutral
Tesla,TSLA,stocks,"$TSLA Daily Thread - January 29, 2026",20,0.92,307,2026-01-29,https://www.reddit.com/r/TSLALounge/comments/1qpxe8w/tsla_daily_thread_january_29_2026/,5,2026,2026-W04,tsla daily thread january,0.0,neutral
Apple,AAPL,stocks,MSFT has underperformed the S&amp;P 500 in the past 5 years,2470,0.96,220,2026-02-01,https://i.redd.it/zih44y0wzrgg1.png,5,2026,2026-W05,msft has underperformed the sampp in the past years,0.0,neutral
Apple,AAPL,stocks,AAPL up 32% in 6 months - Is this sustainable or are we due for a correction?,245,0.94,53,2026-02-03,https://i.redd.it/clzh2t4ugbhg1.jpeg,6,2026,2026-W05,aapl up in months is this sustainable or are we due for a correction,0.0,neutral
Tesla,TSLA,stocks,"TSLA: “The Upside Down”. In three years, profit estimates have fallen by 70%, while the stock has risen by almost 200%.",831,0.99,79,2026-02-03,https://i.redd.it/phimj5x4t9hg1.jpeg,6,2026,2026-W05,tsla the upside down in three years profit estimates have fallen by while the stock has risen by almost,0.1027,positive
Amazon,AMZN,stocks,Happy Wednesday 🔴,3242,0.99,389,2026-02-04,https://i.redd.it/fp7y87rrfihg1.jpeg,6,2026,2026-W05,happy wednesday,0.5719,positive
Amazon,AMZN,stocks,Please do not look at your portfolio today 🤦🏽‍♂️😭🔴😳,3268,0.98,391,2026-02-05,https://i.redd.it/2bijs2w83phg1.jpeg,6,2026,2026-W05,please do not look at your portfolio today,0.3182,positive
Amazon,AMZN,stocks,I expect AMZN to materially beat their Q4 '25 Earnings,168,0.88,165,2026-02-05,https://www.reddit.com/r/wallstreetbets/comments/1qw73pi/i_expect_amzn_to_materially_beat_their_q4_25/,6,2026,2026-W05,i expect amzn to materially beat their q earnings,0.0,neutral
Amazon,AMZN,stocks,"GOOG, AMZN, MSFT - which one of these giants are you building right now?",256,0.89,361,2026-02-05,https://www.reddit.com/r/ValueInvesting/comments/1qwtlb1/goog_amzn_msft_which_one_of_these_giants_are_you/,6,2026,2026-W05,goog amzn msft which one of these giants are you building right now,0.0,neutral
Amazon,AMZN,stocks,When did AMZN become a meme stock?,200,0.93,74,2026-02-05,https://i.redd.it/d0z62jnl7rhg1.jpeg,6,2026,2026-W05,when did amzn become a meme stock,0.0,neutral
Amazon,AMZN,stocks,AMZN Quarterly Revenue $213.4 billion (up 13.6% YoY),283,0.96,162,2026-02-05,https://www.reddit.com/r/stocks/comments/1qwxm66/amzn_quarterly_revenue_2134_billion_up_136_yoy/,6,2026,2026-W05,amzn quarterly revenue billion up yoy,0.0,neutral
Amazon,AMZN,stocks,"AMZN misses on EPS, down 10% in AH",393,0.97,143,2026-02-05,https://www.cnbc.com/2026/02/05/amazon-amzn-q4-earnings-report-2025.html,6,2026,2026-W05,amzn misses on eps down in ah,-0.2263,negative
Amazon,AMZN,stocks,"GOOG: I'm spending $180b on Capex. AMZN: ""Hold my beer""",786,0.97,158,2026-02-05,https://www.reddit.com/r/stocks/comments/1qx093r/goog_im_spending_180b_on_capex_amzn_hold_my_beer/,6,2026,2026-W05,goog im spending b on capex amzn hold my beer,0.0,neutral
Amazon,AMZN,stocks,AMZN is down almost 20% YOY and only up 30% in 5 years - no dividends!,754,0.97,203,2026-02-06,https://www.reddit.com/r/ValueInvesting/comments/1qx2bpy/amzn_is_down_almost_20_yoy_and_only_up_30_in_5/,6,2026,2026-W05,amzn is down almost yoy and only up in years no dividends,-0.296,negative
Amazon,AMZN,stocks,AMZN dip is free money,327,0.95,72,2026-02-06,https://i.redd.it/x1ih9nbqwwhg1.jpeg,6,2026,2026-W05,amzn dip is free money,0.5106,positive
Amazon,AMZN,stocks,bossVibeCodedOnce,2833,0.93,331,2026-02-06,https://www.reddit.com/gallery/1qxwann,6,2026,2026-W05,bossvibecodedonce,0.0,neutral
Amazon,AMZN,stocks,AMZN 😢,146,0.94,68,2026-02-06,https://i.redd.it/i7a5k46doshg1.jpeg,6,2026,2026-W05,amzn,0.0,neutral
Tesla,TSLA,stocks,Tesla (TSLA) can't find the bottom in Europe as 2026 starts with another brutal decline,9041,0.97,381,2026-02-06,https://electrek.co/2026/02/02/tesla-tsla-cant-find-bottom-europe-2026-brutal-decline/,6,2026,2026-W05,tesla tsla cant find the bottom in europe as starts with another brutal decline,-0.6249,negative
Amazon,AMZN,stocks,AMZN &amp; GOOG Capex will make Micron moon,144,0.89,99,2026-02-06,https://www.reddit.com/r/stocks/comments/1qx2yfh/amzn_goog_capex_will_make_micron_moon/,6,2026,2026-W05,amzn amp goog capex will make micron moon,0.0,neutral
Amazon,AMZN,stocks,Why has AMZN been the most underperforming MAG7 stock in past 5 years?,443,0.93,202,2026-02-06,https://www.reddit.com/r/stocks/comments/1qxrvun/why_has_amzn_been_the_most_underperforming_mag7/,6,2026,2026-W05,why has amzn been the most underperforming mag stock in past years,0.0,neutral
Amazon,AMZN,stocks,Amazon at 205. Down 9% ytd and 14% the last 12 months. Is it a buy?,102,0.91,110,2026-02-06,https://www.reddit.com/r/ValueInvesting/comments/1qxmqwy/amazon_at_205_down_9_ytd_and_14_the_last_12/,6,2026,2026-W05,amazon at down ytd and the last months is it a buy,0.1779,positive
Amazon,AMZN,stocks,AMZN fell -9.5% after Nancy Pelosi sold ahead of earnings,1348,0.94,113,2026-02-07,https://i.redd.it/yhzkaiwuz2ig1.png,6,2026,2026-W05,amzn fell after nancy pelosi sold ahead of earnings,0.0,neutral
Tesla,TSLA,stocks,My dad lent me 600k to open a coffee shop. I used it to trade stocks while searching for supplies and a location. I ended up doubling the money in a year and eventually scrapped the coffee shop business plan.,4967,0.86,1170,2026-02-08,https://i.redd.it/4f2dqcns36ig1.jpeg,6,2026,2026-W06,my dad lent me k to open a coffee shop i used it to trade stocks while searching for supplies and a location i ended up doubling the money in a year and eventually scrapped the coffee shop business plan,0.0,neutral
Amazon,AMZN,stocks,Buy the dip AMZN,578,0.88,134,2026-02-09,https://i.redd.it/nbx50eq0rjig1.jpeg,7,2026,2026-W06,buy the dip amzn,0.0,neutral
Tesla,TSLA,stocks,"$600,000 in short dated TSLA puts",1574,0.96,380,2026-02-09,https://i.redd.it/bz79atfnljig1.jpeg,7,2026,2026-W06,in short dated tsla puts,0.0,neutral
Amazon,AMZN,stocks,I’m curious why people aren’t more bullish on AMZN right now.,153,0.95,105,2026-02-09,https://i.redd.it/rce4hjotuiig1.jpeg,7,2026,2026-W06,im curious why people arent more bullish on amzn right now,0.3182,positive
Amazon,AMZN,stocks,AMZN is a no brainer at this price,276,0.9,112,2026-02-09,https://i.redd.it/chq0ic23sjig1.jpeg,7,2026,2026-W06,amzn is a no brainer at this price,-0.296,negative
Amazon,AMZN,stocks,$AMZN is trading at its lowest valuation ever. Yes. Ever.,573,0.98,126,2026-02-10,https://i.redd.it/20znoyz5qoig1.jpeg,7,2026,2026-W06,amzn is trading at its lowest valuation ever yes ever,0.0258,neutral
Amazon,AMZN,stocks,Am I crazy to think AMZN can hit $300 and META can hit $1000 this year?,643,0.81,372,2026-02-11,https://www.reddit.com/r/stocks/comments/1r2cxb1/am_i_crazy_to_think_amzn_can_hit_300_and_meta_can/,7,2026,2026-W06,am i crazy to think amzn can hit and meta can hit this year,-0.34,negative
Amazon,AMZN,stocks,Bought AMZN at $215 thinking it was the dip… now it’s $198. Am I about to be a bag holder?,116,0.82,177,2026-02-12,https://www.reddit.com/r/amzn/comments/1r34azz/bought_amzn_at_215_thinking_it_was_the_dip_now/,7,2026,2026-W06,bought amzn at thinking it was the dip now its am i about to be a bag holder,0.0,neutral
Tesla,TSLA,stocks,Tesla (TSLA) sales in China crash 45% to lowest level in over three years,956,0.99,122,2026-02-12,https://electrek.co/2026/02/12/tesla-tsla-sales-in-china-crash-45-to-lowest-level-in-over-three-years/?extended-comments=1,7,2026,2026-W06,tesla tsla sales in china crash to lowest level in over three years,-0.6486,negative
Amazon,AMZN,stocks,"If you had kept your money in a HYSA compounding at a 3.5% yield for five years, you would’ve had the same return as AMZN.",312,0.98,48,2026-02-12,https://i.redd.it/sel826oy93jg1.jpeg,7,2026,2026-W06,if you had kept your money in a hysa compounding at a yield for five years you wouldve had the same return as amzn,0.0,neutral
Amazon,AMZN,stocks,"If AMZN goes up 8% tomorrow this will be worth $1 million. If not, I’m cooked",14875,0.92,2957,2026-02-12,https://i.redd.it/ix0tvirso4jg1.jpeg,7,2026,2026-W06,if amzn goes up tomorrow this will be worth million if not im cooked,0.2263,positive
Amazon,AMZN,stocks,Put my entire savings into AMZN at $215… now it’s $198. Feeling sick.,25,0.86,50,2026-02-12,https://www.reddit.com/r/amzn/comments/1r38dnp/put_my_entire_savings_into_amzn_at_215_now_its/,7,2026,2026-W06,put my entire savings into amzn at now its feeling sick,-0.4215,negative
Apple,AAPL,stocks,Happy Thursday 😭🔻,2085,0.98,284,2026-02-12,https://i.redd.it/xtzu37j5a3jg1.jpeg,7,2026,2026-W06,happy thursday,0.5719,positive
Tesla,TSLA,stocks,Tesla (TSLA) US sales estimated to have dropped 17% in January,938,0.98,151,2026-02-13,https://electrek.co/2026/02/13/tesla-tsla-us-sales-estimated-to-have-dropped-17-january/,7,2026,2026-W06,tesla tsla us sales estimated to have dropped in january,0.0,neutral
Apple,AAPL,stocks,WTF is going on,35,0.84,105,2026-02-13,https://www.reddit.com/r/AAPL/comments/1r3zxne/wtf_is_going_on/,7,2026,2026-W06,wtf is going on,-0.5859,negative
Amazon,AMZN,stocks,21M. Started my $AMZN position.,183,0.96,70,2026-02-15,https://i.redd.it/8uiymmg4bpjg1.jpeg,7,2026,2026-W07,m started my amzn position,0.0,neutral
Apple,AAPL,stocks,DeepSeek V4 release soon,3944,0.94,179,2026-02-17,https://i.redd.it/ktblamq5x0kg1.jpeg,8,2026,2026-W07,deepseek v release soon,0.0,neutral
Amazon,AMZN,stocks,"When companies can't buy hard drives, they'll buy the next best thing (cloud storage)",2130,0.89,534,2026-02-17,https://www.reddit.com/r/wallstreetbets/comments/1r7gukx/when_companies_cant_buy_hard_drives_theyll_buy/,8,2026,2026-W07,when companies cant buy hard drives theyll buy the next best thing cloud storage,0.6701,positive
Amazon,AMZN,stocks,The Hudson Williams Effect: Yaga sold out on AMZN and B&amp;N 😱,563,0.99,31,2026-02-19,https://i.redd.it/dj0n3rtm5dkg1.jpeg,8,2026,2026-W07,the hudson williams effect yaga sold out on amzn and bampn,0.0,neutral
Tesla,TSLA,stocks,"Ross Gerber Says Elon Musk's Tesla Should Sell EV Business To Rivian, Says TSLA Brand Reduced To 'Negative'",725,0.95,164,2026-02-19,https://finance.yahoo.com/news/ross-gerber-says-elon-musks-230112600.html,8,2026,2026-W07,ross gerber says elon musks tesla should sell ev business to rivian says tsla brand reduced to negative,-0.5719,negative
Tesla,TSLA,stocks,"Ross Gerber Says Elon Musk's Tesla Should Sell EV Business To Rivian, Says TSLA Brand Reduced To 'Negative'",835,0.98,153,2026-02-20,https://www.reddit.com/r/RealTesla/comments/1r9v2p2/ross_gerber_says_elon_musks_tesla_should_sell_ev/,8,2026,2026-W07,ross gerber says elon musks tesla should sell ev business to rivian says tsla brand reduced to negative,-0.5719,negative
Apple,AAPL,stocks,Everyone is rushing to buy Mac minis to vibe code on OpenClaw. Bullish $AAPL,114,0.72,92,2026-02-21,https://i.redd.it/u4ax259hpskg1.jpeg,8,2026,2026-W07,everyone is rushing to buy mac minis to vibe code on openclaw bullish aapl,0.0,neutral
Apple,AAPL,stocks,The moment I buy a thousand dollars worth of puts,5692,0.99,142,2026-02-22,https://i.redd.it/to6exay5g4lg1.jpeg,8,2026,2026-W08,the moment i buy a thousand dollars worth of puts,0.2263,positive
Amazon,AMZN,stocks,700 billion GONE !,2653,0.92,322,2026-02-23,https://i.redd.it/74esmv8aiblg1.jpeg,9,2026,2026-W08,billion gone,0.0,neutral
Tesla,TSLA,stocks,TSLA 397.5C gained 6150% in the last 4 minutes. Option volume spiked at the exact bottom.,409,0.93,90,2026-02-23,https://www.reddit.com/r/options/comments/1rcu7gx/tsla_3975c_gained_6150_in_the_last_4_minutes/,9,2026,2026-W08,tsla c gained in the last minutes option volume spiked at the exact bottom,0.3818,positive
Apple,AAPL,stocks,"Tim Apple Warned by CIA That China Could Move on Taiwan by 2027 (AAPL +2.25%, TSM +4.25%)",1849,0.91,456,2026-02-24,https://www.reddit.com/r/stocks/comments/1rdtn70/tim_apple_warned_by_cia_that_china_could_move_on/,9,2026,2026-W08,tim apple warned by cia that china could move on taiwan by aapl tsm,-0.2732,negative
Apple,AAPL,stocks,"Tim Cook of $AAPL was told by the CIA that China would move on Taiwan by 2027, per MacRumors",364,0.98,53,2026-02-24,http://twitter.com/1200616796295847936/status/2026320251722334601,9,2026,2026-W08,tim cook of aapl was told by the cia that china would move on taiwan by per macrumors,0.0,neutral
Amazon,AMZN,stocks,A red sun rises .. 📉🔻🔻,9502,0.98,190,2026-02-24,https://i.redd.it/ub6ua2brbclg1.jpeg,9,2026,2026-W08,a red sun rises,0.0,neutral
Tesla,TSLA,stocks,OpenAI is causing a GPU shortage in order to lose money,11937,0.97,982,2026-02-24,https://i.redd.it/l37qbqbkhglg1.jpeg,9,2026,2026-W08,openai is causing a gpu shortage in order to lose money,-0.5719,negative
Tesla,TSLA,stocks,OpenAI’s planned cash burn is insane...,24079,0.97,1973,2026-02-24,https://i.redd.it/888oavi9bglg1.jpeg,9,2026,2026-W08,openais planned cash burn is insane,-0.4019,negative
Amazon,AMZN,stocks,What about this beast? https://amzn.to/3ZX1Ypu,65,0.93,73,2026-02-26,https://www.reddit.com/gallery/1rf4u4a,9,2026,2026-W08,what about this beast,0.0,neutral
Apple,AAPL,stocks,"Big Six (AAPL, AMZN, GOOGL, META, MSFT, NVDA): Combined Quarterly Revenue $680 billion and Net Income $202 billion",665,0.96,159,2026-02-26,https://www.reddit.com/r/stocks/comments/1rexrcu/big_six_aapl_amzn_googl_meta_msft_nvda_combined/,9,2026,2026-W08,big six aapl amzn googl meta msft nvda combined quarterly revenue billion and net income billion,0.0,neutral
Apple,AAPL,stocks,Red light therapy is key. Practice for Monday.,20924,0.98,432,2026-03-01,https://i.redd.it/mijxrgn8lcmg1.jpeg,9,2026,2026-W09,red light therapy is key practice for monday,0.0,neutral
Apple,AAPL,stocks,The Chinese stock market about to open on Monday when they find out their oil supply from Iran was just cutoff. ☠️,1374,0.88,347,2026-03-01,https://i.redd.it/b5zn04ke1emg1.jpeg,9,2026,2026-W09,the chinese stock market about to open on monday when they find out their oil supply from iran was just cutoff,0.0,neutral
Apple,AAPL,stocks,"$950,000,000,000 has been wiped out of the US stock market since open.🔻",8887,0.95,885,2026-03-03,https://i.redd.it/orvpgt2cxumg1.jpeg,10,2026,2026-W09,has been wiped out of the us stock market since open,0.0,neutral
Tesla,TSLA,stocks,The valuation premium for the Mag7 ex $TSLA relative to the rest of the market just hit 2011 levels.,444,0.93,112,2026-03-03,https://i.redd.it/da0dp1q8nvmg1.png,10,2026,2026-W09,the valuation premium for the mag ex tsla relative to the rest of the market just hit levels,0.0,neutral
Apple,AAPL,stocks,Domicile certificate (aaple sarkar),207,0.99,58,2026-03-04,https://i.redd.it/6rsfrwudjzmg1.jpeg,10,2026,2026-W09,domicile certificate aaple sarkar,0.0,neutral
Apple,AAPL,stocks,The $599 iPhone 17e made me rethink $AAPL’s near term outlook,158,0.79,128,2026-03-05,https://www.reddit.com/r/investing/comments/1rldtns/the_599_iphone_17e_made_me_rethink_aapls_near/,10,2026,2026-W09,the iphone e made me rethink aapls near term outlook,0.0,neutral
Apple,AAPL,stocks,My 2026 Stock Picks (as of March) Based on My Screening Framework,132,0.92,63,2026-03-05,https://www.reddit.com/r/ValueInvesting/comments/1rladth/my_2026_stock_picks_as_of_march_based_on_my/,10,2026,2026-W09,my stock picks as of march based on my screening framework,0.0,neutral
Apple,AAPL,stocks,"Over $805,000,000,000 wiped out from the US stock market today.",2995,0.98,183,2026-03-06,https://i.redd.it/9cilzzqhfing1.jpeg,10,2026,2026-W09,over wiped out from the us stock market today,0.0,neutral
Tesla,TSLA,stocks,My prediction for $TSLA - sub-$200 by mid-April,3,0.58,4,2026-03-11,https://www.reddit.com/r/NextTraders/comments/1rr46wi/my_prediction_for_tsla_sub200_by_midapril/,11,2026,2026-W10,my prediction for tsla sub by midapril,0.0,neutral
Apple,AAPL,stocks,JUST IN: 🇺🇸 Nearly $1 trillion wiped out from the US stock market today.,1952,0.98,191,2026-03-12,https://i.redd.it/p848gd38zoog1.jpeg,11,2026,2026-W10,just in nearly trillion wiped out from the us stock market today,0.0,neutral
Amazon,AMZN,stocks,What’s your avg for AMZN?,40,0.87,82,2026-03-13,https://i.redd.it/irlsxim38vog1.jpeg,11,2026,2026-W10,whats your avg for amzn,0.0,neutral
Apple,AAPL,stocks,"$2,000,000,000,000 wiped out from the US stock market in the past month.",4545,0.97,523,2026-03-13,https://i.redd.it/pd1jx13mrvog1.jpeg,11,2026,2026-W10,wiped out from the us stock market in the past month,0.0,neutral
Amazon,AMZN,stocks,Amazon ($AMZN) — The $200B Gamble for Global Dominance,1,0.6,3,2026-03-13,https://www.youtube.com/watch?v=7mTAcRU7vOE,11,2026,2026-W10,amazon amzn the b gamble for global dominance,0.3612,positive
Apple,AAPL,stocks,"Gee, no way AAPL can go any lower, better buy calls!",410,0.93,153,2026-03-13,https://www.reddit.com/gallery/1rsyo1n,11,2026,2026-W10,gee no way aapl can go any lower better buy calls,-0.128,negative
Amazon,AMZN,stocks,Amzn,14,0.89,37,2026-03-17,https://i.redd.it/y3yjp5s33mpg1.jpeg,12,2026,2026-W11,amzn,0.0,neutral
Tesla,TSLA,stocks,"$TSLA Daily Thread - March 19, 2026",15,0.85,103,2026-03-19,https://www.reddit.com/r/TSLALounge/comments/1rxobqh/tsla_daily_thread_march_19_2026/,12,2026,2026-W11,tsla daily thread march,0.0,neutral
Tesla,TSLA,stocks,TSLA Puts Short-term Gains+ 200% $$$ 41k,5,0.73,23,2026-03-19,https://www.reddit.com/r/stockstobuytoday/comments/1ry4h6b/tsla_puts_shortterm_gains_200_41k/,12,2026,2026-W11,tsla puts shortterm gains k,0.34,positive
Tesla,TSLA,stocks,"$TSLA Daily Thread - March 20, 2026",13,0.84,85,2026-03-20,https://www.reddit.com/r/TSLALounge/comments/1ryjlbi/tsla_daily_thread_march_20_2026/,12,2026,2026-W11,tsla daily thread march,0.0,neutral
Amazon,AMZN,stocks,The Dow Jones has officially entered correction territory.,5371,0.98,202,2026-03-20,https://www.reddit.com/gallery/1rz8ypm,12,2026,2026-W11,the dow jones has officially entered correction territory,0.0,neutral
Apple,AAPL,stocks,"Over $1,100,000,000,000 wiped out from the US stock market today. Something big is about to happen.",5894,0.97,509,2026-03-20,https://i.redd.it/6qvoxpxnm9qg1.png,12,2026,2026-W11,over wiped out from the us stock market today something big is about to happen,0.0,neutral
Apple,AAPL,stocks,THANKS FOR YOUR ATTENTION,5261,0.97,188,2026-03-21,https://i.redd.it/lgjce97d0cqg1.jpeg,12,2026,2026-W11,thanks for your attention,0.4404,positive
Amazon,AMZN,stocks,Wife will divorce me if she finds out,2476,0.77,1237,2026-03-26,https://i.redd.it/9v0wczjbpfrg1.jpeg,13,2026,2026-W12,wife will divorce me if she finds out,0.0,neutral
Tesla,TSLA,stocks,"Over $1,000,000,000,000 wiped out from the US stock market today.",6346,0.97,461,2026-03-26,https://i.redd.it/63ike8n9jgrg1.jpeg,13,2026,2026-W12,over wiped out from the us stock market today,0.0,neutral
Apple,AAPL,stocks,"Over $2 trillion wiped out from the US stock market this week. So much RED, is this enough winning yet?",2773,0.95,415,2026-03-27,https://i.redd.it/vzqu3vjewnrg1.png,13,2026,2026-W12,over trillion wiped out from the us stock market this week so much red is this enough winning yet,0.5267,positive
Apple,AAPL,stocks,"BREAKING: $5,000,000,000,000 has now been wiped out from the US stock market since the Iran War began.",3879,0.98,253,2026-03-27,https://i.redd.it/95vx2w4jlnrg1.jpeg,13,2026,2026-W12,breaking has now been wiped out from the us stock market since the iran war began,-0.5994,negative
Apple,AAPL,stocks,"The S&amp;P 500 officially posts its lowest close in 232 days, erasing another -$1 trillion of market cap today. This brings total S&amp;P 500 losses since the Iran War began to -$4.8 trillion.",1678,0.98,244,2026-03-27,https://i.redd.it/j9qrz2wwgnrg1.jpeg,13,2026,2026-W12,the sampp officially posts its lowest close in days erasing another trillion of market cap today this brings total sampp losses since the iran war began to trillion,-0.8481,negative
Amazon,AMZN,stocks,How does AMZN distribute profits to it's shareholders?,26,0.66,83,2026-03-27,https://www.reddit.com/r/ValueInvesting/comments/1s5jmav/how_does_amzn_distribute_profits_to_its/,13,2026,2026-W12,how does amzn distribute profits to its shareholders,0.4404,positive
Amazon,AMZN,stocks,Like literally WTF is happening with the AMZN stock,260,0.93,91,2026-03-27,https://www.reddit.com/r/amazonemployees/comments/1s5hf5j/like_literally_wtf_is_happening_with_the_amzn/,13,2026,2026-W12,like literally wtf is happening with the amzn stock,-0.3182,negative
