company,ticker,subreddit,title,score,upvote_ratio,num_comments,date,url
Apple,AAPL,stocks,Over $1.25 trillion wiped out from the US stock market today 📈💳💰📈🏦💰,4421,0.97,402,2025-03-28,https://www.reddit.com/gallery/1jm6474
Tesla,TSLA,stocks,Elon Plans to Quit DOGE in May this Year Due to Stockholder Angst. States He Will Save the US $1 Trillion Dollars before He Leaves. $TSLA Down 34% YTD,1630,0.98,434,2025-03-28,https://www.reddit.com/gallery/1jlxtdp
Apple,AAPL,stocks,He may have been asleep but..,17456,0.97,460,2025-03-29,https://i.redd.it/gd70lhe75nre1.png
Amazon,AMZN,stocks,Smile everyone!,23775,0.9,563,2025-03-31,https://i.redd.it/6aishonty1se1.png
Tesla,TSLA,stocks,"Tesla, Inc. (TSLA) a ""Ponzi Scheme""?",1432,0.96,128,2025-04-01,https://finance.yahoo.com/news/elon-musks-estranged-daughter-labels-003018001.html
Tesla,TSLA,stocks,Almost $15k in TSLA puts let’s hope for the best (or worst),394,0.91,320,2025-04-01,https://i.redd.it/tvp3gezvbase1.jpeg
Tesla,TSLA,stocks,"$TSLA - Tesla Inc Q1 Total Deliveries 336,681 Units. Tesla Inc Q1 Total Production 362,615 Units",716,0.93,409,2025-04-02,https://www.reddit.com/r/TSLA/comments/1jpo152/tsla_tesla_inc_q1_total_deliveries_336681_units/
Tesla,TSLA,stocks,Why is TSLA up 5% today?,678,0.81,524,2025-04-02,https://www.reddit.com/r/stocks/comments/1jpt6p3/why_is_tsla_up_5_today/
Tesla,TSLA,stocks,"Tesla (TSLA) announces 336,681 deliveries, far worse than expected",6735,0.97,722,2025-04-02,https://electrek.co/2025/04/02/tesla-tsla-q1-deliveries-worse/
Tesla,TSLA,stocks,$4.5k gain on TSLA puts. And to all the people that doubted me suck my balls.,728,0.87,158,2025-04-02,https://www.reddit.com/gallery/1jpoq6l
Apple,AAPL,stocks,JUST IN: 🇺🇸 Over $1.65 trillion wiped out from US stock market at open.,9531,0.98,311,2025-04-03,https://i.redd.it/g8oehvnyimse1.jpeg
Apple,AAPL,stocks,To resuscitate the patient,14230,0.97,578,2025-04-03,https://i.redd.it/isg9wb43umse1.png
Apple,AAPL,stocks,They're tariffing literally everyone,16944,0.95,3549,2025-04-03,https://i.redd.it/tn8ipnx12pse1.jpeg
Tesla,TSLA,stocks,Tsla $30 premium for $800 strike —- no brainer?,314,0.81,510,2025-04-04,https://i.redd.it/unciffm9ypse1.jpeg
Tesla,TSLA,stocks,"Lost $7,200 in TSLA... in 28 minutes.",12642,0.95,880,2025-04-04,https://www.reddit.com/gallery/1jrhkc2
Tesla,TSLA,stocks,Here's what TSLA analysts are saying about Tesla's big delivery miss,889,0.99,143,2025-04-04,https://electrek.co/2025/04/03/what-tsla-analysts-saying-about-tesla-delivery-miss/
Apple,AAPL,stocks,I dear the right wingers to justify this,10222,0.92,1721,2025-04-04,https://www.reddit.com/gallery/1jrd4xs
Apple,AAPL,stocks,AAPL PUTS. Almost 100k in gains,758,0.97,26,2025-04-04,https://i.redd.it/4y7pgpj4rtse1.jpeg
Tesla,TSLA,stocks,Why TSLA is a buy.,2374,0.7,590,2025-04-05,https://www.reddit.com/r/RealTesla/comments/1js68xu/why_tsla_is_a_buy/
Apple,AAPL,stocks,Are you guys tired of winning yet?,9108,0.99,301,2025-04-07,https://i.redd.it/syihya0l4ete1.jpeg
Tesla,TSLA,stocks,Retail investors buying $TSLA dips prior to China tariffs,4425,0.99,89,2025-04-08,https://v.redd.it/h0dws5lv0ote1
Apple,AAPL,stocks,From this morning…,54467,0.93,4298,2025-04-08,https://i.redd.it/988g3rl76ote1.jpeg
Apple,AAPL,stocks,"BREAKING: Apple $AAPL to shift iPhone production to India to avoid tariffs on China; MASSIVE market reversal, trillions wiped again",333,0.95,66,2025-04-08,https://www.reddit.com/gallery/1junjwy
Apple,AAPL,stocks,Biggest one-day gain for the NASDAQ since 10/13/2008 - but don't forget what happened 2 days later in 2008,5618,0.97,556,2025-04-09,https://www.reddit.com/r/wallstreetbets/comments/1jvijnj/biggest_oneday_gain_for_the_nasdaq_since_10132008/
Amazon,AMZN,stocks,"AMZN is down to ~170$, the same price as 4.5 years ago.",5019,0.96,414,2025-04-09,https://i.redd.it/obaubib9rtte1.png
Apple,AAPL,stocks,The Art of the Deal?,3090,0.78,912,2025-04-09,https://i.redd.it/ymxu1kwc1wte1.jpeg
Apple,AAPL,stocks,Hold onto your butts,40340,0.96,1055,2025-04-09,https://i.redd.it/ewzhovurnute1.jpeg
Apple,AAPL,stocks,BAD AAPL,757,0.94,28,2025-04-11,https://v.redd.it/90udiax7x8ue1
Tesla,TSLA,stocks,Help. Mom spent entire portfolio on TSLA at 375 on a whim.,887,0.86,462,2025-04-11,https://www.reddit.com/r/stocks/comments/1jwhxg2/help_mom_spent_entire_portfolio_on_tsla_at_375_on/
Apple,AAPL,stocks,"Breaking 🚨:Marjorie Taylor Greene bought the dip, again. She just disclosed up to $315K of new buys including. $PLTR, $AAPL, $NVDA, $QCOM, $NKE, $AMD. Some of these buys occurred on 4/8, just one day before Trump announced his pause on the tariffs. However she also bought",1146,0.99,38,2025-04-14,https://twitter.com/PelosiTracker_/status/1911809125635571865
Tesla,TSLA,stocks,How bad is this for TSLA?,520,0.89,196,2025-04-15,https://www.reddit.com/r/stocks/comments/1jzhipc/how_bad_is_this_for_tsla/
Tesla,TSLA,stocks,Elon Musk goes on Tesla self-driving propaganda spree ahead of TSLA earnings,2365,0.96,282,2025-04-15,https://electrek.co/2025/04/15/elon-musk-tesla-self-driving-propaganda-spree-tsla-earnings/
Tesla,TSLA,stocks,Tesla (TSLA) brand damage is destroying used car value: 'People don't want them anymore',5031,0.98,390,2025-04-18,https://electrek.co/2025/04/18/tesla-tsla-brand-damage-destroying-used-car-value/
Tesla,TSLA,stocks,What do you think is going through Elons mind right now now? TSLA earnings call tomorrow.,1971,0.94,572,2025-04-21,https://www.reddit.com/r/stocks/comments/1k4m0wz/what_do_you_think_is_going_through_elons_mind/
Tesla,TSLA,stocks,TSLA EARNINGS ARE OUT,729,0.98,160,2025-04-22,https://i.redd.it/9d17d8ku1gwe1.png
Apple,AAPL,stocks,AAPL 4/25 Calls: $17K in one day! Should I hold on to it or leave it in my pocket?,100,0.83,102,2025-04-22,https://www.reddit.com/r/options/comments/1k5c91j/aapl_425_calls_17k_in_one_day_should_i_hold_on_to/
Tesla,TSLA,stocks,TSLA EARNINGS ARE OUT,844,0.98,157,2025-04-22,https://i.redd.it/0jcpb6i32gwe1.jpeg
Tesla,TSLA,stocks,Musk said he’s confident $TSLA can ship 1m optimus units by 2030,339,0.79,319,2025-04-23,https://v.redd.it/do84dcjcpnwe1
Tesla,TSLA,stocks,Tesla (TSLA) stock surges on Elon's lies despite disastrous earnings,914,0.98,173,2025-04-23,https://electrek.co/2025/04/23/tesla-tsla-stock-surges-elon-lies-despite-disastrous-earnings/
Amazon,AMZN,stocks,"Trump Slams Amazon's Tariff Labeling as ‘Hostile, Political’ Move",43244,0.92,2385,2025-04-29,https://www.reddit.com/r/stocks/comments/1kanyf3/trump_slams_amazons_tariff_labeling_as_hostile/
Tesla,TSLA,stocks,Nearly $50k TSLA put YOLO,410,0.93,244,2025-04-29,https://i.redd.it/1or9l8ofttxe1.png
Tesla,TSLA,stocks,"It's Happening......Tesla, $TSLA, Board of Directors have just reportedly opened a search for a CEO to succeed Elon Musk, per WSJ 👀 😳 😲",940,0.97,99,2025-05-01,https://i.redd.it/9vxq9oknt2ye1.jpeg
Tesla,TSLA,stocks,Tesla (TSLA) sales continue to crash in Europe despite new Model Y,3376,0.98,225,2025-05-01,https://electrek.co/2025/05/01/tesla-tsla-sales-continue-crash-europe-despite-new-model-y/
Tesla,TSLA,stocks,"BREAKING: Tesla, $TSLA, Board of Directors have just reportedly opened a search for a CEO to succeed Elon Musk, per WSJ",1685,0.97,115,2025-05-01,https://www.reddit.com/r/unusual_whales/comments/1kbwou9/breaking_tesla_tsla_board_of_directors_have_just/
Apple,AAPL,stocks,"US Commerce Secretary Lutnick: ""We invent the Apple, $AAPL, iPhone, which is awesome. Why do we let everyone else build it? Why can't we build it here? ... we need hundreds of thousands of Americans who work in those factories.""",371,0.92,177,2025-05-05,https://v.redd.it/b9kjrhkhpvye1
Tesla,TSLA,stocks,Tesla (TSLA) UK sales crash after being only positive market in Europe,1507,0.96,247,2025-05-08,https://electrek.co/2025/05/06/tesla-tsla-uk-sales-crash-only-positive-market-europe/
Tesla,TSLA,stocks,"LFG!!!!! TSLA this morning GOT ME INTO 6 FIGURES, INSANE MONTH OF TRADING!!!!! 2K start on April 8th",3234,0.85,855,2025-05-09,https://www.reddit.com/gallery/1kijgwd
Apple,AAPL,stocks,Buying XRP now is like buying AAPL in 2004-2005.,484,0.79,254,2025-05-20,https://www.reddit.com/r/XRP/comments/1kqsunx/buying_xrp_now_is_like_buying_aapl_in_20042005/
Apple,AAPL,stocks,OUCH! President Trump just put out this statement about Tim Cook and Apple (AAPL),132,0.96,94,2025-05-23,https://i.redd.it/tff93e4moi2f1.png
Apple,AAPL,stocks,Trump threatening Apple with 25% tariffs. $AAPL fucked,60,0.91,163,2025-05-23,https://i.redd.it/i3jtoff7ek2f1.jpeg
Apple,AAPL,stocks,"Trump Insists Apple Can Move Production to the US Because of 'Computerized' Factories After Threatening Tariffs. ""So Donald is giving a company less than 30 days to build a complicated factory that will immediately begin producing. He really thinks like that?"" wrote one social media user.",25594,0.93,1936,2025-05-24,https://www.latintimes.com/trump-insists-apple-can-move-production-us-because-computerized-factories-after-threatening-583749
Tesla,TSLA,stocks,Realistically what is going to happen with TSLA robotaxi launch,428,0.88,809,2025-05-24,https://www.reddit.com/r/wallstreetbets/comments/1kugymb/realistically_what_is_going_to_happen_with_tsla/
Tesla,TSLA,stocks,30k TSLA Puts,487,0.89,357,2025-05-26,https://i.redd.it/6ztq6blu773f1.jpeg
Tesla,TSLA,stocks,Two Tesla (TSLA) insiders close to Elon Musk just sold almost $200 million worth of stocks,2065,0.99,146,2025-05-28,https://electrek.co/2025/05/28/tesla-tsla-insiders-close-elon-musk-just-sold-200-million-worth-stocks/
Apple,AAPL,stocks,No crying in the casino,4386,0.97,418,2025-06-02,https://www.reddit.com/gallery/1l1rduq
Tesla,TSLA,stocks,Leaked recording proves Tesla (TSLA) has employee morale problem,929,0.98,123,2025-06-04,https://electrek.co/2025/06/04/leaked-recording-tesla-tsla-has-employee-morale-problem/
Tesla,TSLA,stocks,"If TSLA pushes my account value above $25,000 can i sell the put i bought today? I already have 3 day trades this week.",3068,0.93,574,2025-06-05,https://i.redd.it/gp98u67xs55f1.jpeg
Tesla,TSLA,stocks,Is TSLA finally going down?,273,0.75,298,2025-06-09,https://www.reddit.com/r/stocks/comments/1l7cxzm/is_tsla_finally_going_down/
Apple,AAPL,stocks,"LA Mayor Karen Bass on looting of Apple, $AAPL, store, Nike, $NKE, store: ""This was provoked by the White House""",493,0.91,82,2025-06-11,http://twitter.com/1200616796295847936/status/1932885829900513753
Tesla,TSLA,stocks,In 8 consecutive tests $TSLA Full Self-Driving 13.2.9 ran down child mannequins crossing the road while illegally blowing past a stopped school bus during our live FSD demo in Austin,1017,0.98,190,2025-06-13,https://x.com/RealDanODowd/status/1933593110426034399?t=PqhFOqzCpySSYYXJmyA6Ag
Tesla,TSLA,stocks,Tesla Fails to Meet June 12 Launch for Its Robotaxis. Is This a Big Red Flag for TSLA Stock?,428,0.93,227,2025-06-13,https://www.reddit.com/r/teslastockholders/comments/1laoewi/tesla_fails_to_meet_june_12_launch_for_its/
Apple,AAPL,stocks,Am I cooked? [32K+ $AAPL YOLO],132,0.86,122,2025-06-14,https://i.redd.it/f8pdmftn0u6f1.jpeg
Apple,AAPL,stocks,"Mark Zuckerberg of $META on Apple’s, $AAPL, inability to innovate:",232,0.85,87,2025-06-14,https://v.redd.it/ll1z6jhjmx6f1
Tesla,TSLA,stocks,Tesla (TSLA) is sitting on so much inventory it has to take over parking lots all over the US,1158,0.99,155,2025-06-17,https://electrek.co/2025/06/17/tesla-tsla-inventory-overflow-parking-lots-all-over-us/
Apple,AAPL,stocks,Google is now the most profitable company in the world with $111B in annual Net Income,3811,0.97,326,2025-06-21,https://i.redd.it/73hcrdsj5b8f1.jpeg
Tesla,TSLA,stocks,$60K on TSLA Puts:  Why TSLA Will Be Down Big Next Few Weeks.,709,0.89,803,2025-06-22,https://i.redd.it/pefm04tozh8f1.jpeg
Amazon,AMZN,stocks,Would you buy NVDA AMD AMZN NFLX now?,75,0.74,289,2025-06-28,https://www.reddit.com/r/investing/comments/1lmezya/would_you_buy_nvda_amd_amzn_nflx_now/
Tesla,TSLA,stocks,Tesla (TSLA) crashes after Trump threatens to set DOGE on Elon Musk,1169,0.99,141,2025-07-01,https://electrek.co/2025/07/01/tesla-tsla-crashes-after-trump-threathens-to-set-doge-on-elon-musk/
Amazon,AMZN,stocks,"Jeff Bezos has sold $737 million worth of Amazon, $AMZN, shares",668,0.97,75,2025-07-02,https://i.redd.it/w8gejd7qagaf1.jpeg
Tesla,TSLA,stocks,$60K on TSLA Puts…Upped it to $72K,1075,0.93,451,2025-07-05,https://i.redd.it/51a4ohows4bf1.jpeg
Tesla,TSLA,stocks,TSLA PUTS. Oh Lord. Catch me if I fall.,394,0.95,245,2025-07-07,https://i.redd.it/t9s1p9pe9hbf1.jpeg
Amazon,AMZN,stocks,"Amazon, $AMZN, first day traffic for Amazon Prime Day is down 41%, per Bloomberg.",684,0.99,61,2025-07-09,http://twitter.com/1200616796295847936/status/1943006236636565769
Apple,AAPL,stocks,Watching ChatGPT Make Me Money While I Chill and Crack a Cold One!,4499,0.87,870,2025-07-12,https://www.reddit.com/r/ChatGPT/comments/1ly8d45/watching_chatgpt_make_me_money_while_i_chill_and/
Amazon,AMZN,stocks,Should I invest in GOOG or AMZN at the current price?,227,0.86,242,2025-07-14,https://www.reddit.com/r/ValueInvesting/comments/1lzbmp1/should_i_invest_in_goog_or_amzn_at_the_current/
Amazon,AMZN,stocks,"Pelosi just went heavy on AVGO, GOOGL, AMZN calls… is this the cheat code again?",616,0.96,177,2025-07-14,https://www.reddit.com/r/TheRaceTo10Million/comments/1lztbuo/pelosi_just_went_heavy_on_avgo_googl_amzn_calls/
Tesla,TSLA,stocks,I guess it is finally time to short $TSLA,363,0.78,357,2025-07-23,https://www.reddit.com/r/stocks/comments/1m7o7pf/i_guess_it_is_finally_time_to_short_tsla/
Tesla,TSLA,stocks,"Tesla (TSLA) all but admits electric car sales growth is gone, gives up on guidance",659,0.98,170,2025-07-23,https://electrek.co/2025/07/23/tesla-tsla-admits-electric-car-sales-growth-gone-gives-up-guidance/
Tesla,TSLA,stocks,Someone please explain $TSLA rebounding like it is,261,0.81,329,2025-07-25,https://www.reddit.com/r/investing/comments/1m93ike/someone_please_explain_tsla_rebounding_like_it_is/
Amazon,AMZN,stocks,"Since 7/5/21 when Andy Jassy was named CEO, AMZN is up 18.3%, while the S&amp;P is up 45.1%.",474,0.94,130,2025-07-31,https://www.reddit.com/r/stocks/comments/1mefe6i/since_7521_when_andy_jassy_was_named_ceo_amzn_is/
Apple,AAPL,stocks,APPLE $AAPL JUST REPORTED EARNINGS. DOUBLE BEAT!,1640,0.96,198,2025-07-31,https://www.cnbc.com/2025/07/31/apple-aapl-q3-earnings-report-2025.html
Tesla,TSLA,stocks,Tesla (TSLA) is not paying its bills and it is destroying small American businesses,1640,0.98,194,2025-08-01,https://electrek.co/2025/08/01/tesla-tsla-is-not-paying-bills-destroying-small-american-businesses/
Apple,AAPL,stocks,Is AAPL still a buy?,225,0.88,173,2025-08-05,https://www.reddit.com/r/stocks/comments/1mi465p/is_aapl_still_a_buy/
Apple,AAPL,stocks,Trump gets a golden tribute from Apple. Does this impact $AAPL’s public image or stock?,122,0.82,275,2025-08-07,https://i.redd.it/x5o55v4nqhhf1.jpeg
Apple,AAPL,stocks,WE DID IT!!!,6740,0.94,612,2025-08-09,https://i.redd.it/bfr85k5pt1if1.jpeg
Apple,AAPL,stocks,WHAT???,2678,0.97,671,2025-08-10,https://i.redd.it/15qdferta9if1.jpeg
Apple,AAPL,stocks,"My biggest trade yet, doesn’t feel real to be doing this at 22 years old.",3241,0.79,504,2025-08-11,https://i.redd.it/r8qbmqvmeaif1.jpeg
Amazon,AMZN,stocks,What to do with $200k in AMZN,145,0.84,181,2025-08-13,https://www.reddit.com/r/investing/comments/1mpdyuh/what_to_do_with_200k_in_amzn/
Apple,AAPL,stocks,Warren Buffett's Berkshire Hathaway shows a new stake in UnitedHealth Group $UNH,2447,0.96,490,2025-08-14,https://i.redd.it/3t1n0wg3m1jf1.jpeg
Apple,AAPL,stocks,"Apple accidentally leaked its own top secret hardware in software code, revealing new products across seven categories",14528,0.88,796,2025-08-15,https://fortune.com/2025/08/14/apple-leaks-new-products-software-code-vision-pro-studio-display-homepod-tv-ipad/
Apple,AAPL,stocks,Apple's Greed Is Finally Backfiring,3682,0.78,805,2025-08-17,https://www.youtube.com/watch?v=JUG1PlqAUJk
Apple,AAPL,stocks,Jim Cramer Says Reports Of Apple Inc. (AAPL)’s “Death” Are Overblown,493,0.86,190,2025-08-22,https://www.insidermonkey.com/blog/jim-cramer-says-reports-of-apple-inc-aapls-death-are-overblown-1594510/
Apple,AAPL,stocks,My 8yo is destroying my returns and beating the S&amp;P,2586,0.84,394,2025-08-30,https://www.reddit.com/r/stocks/comments/1n47cuu/my_8yo_is_destroying_my_returns_and_beating_the_sp/
Tesla,TSLA,stocks,"$10,526 to $1,500,000 in 5 months thanks Google!",25048,0.93,1294,2025-09-03,https://www.reddit.com/gallery/1n7n2ll
Tesla,TSLA,stocks,TSLA to lose major revenue source,752,0.95,164,2025-09-08,https://www.reddit.com/r/stocks/comments/1nbo9zy/tsla_to_lose_major_revenue_source/
Apple,AAPL,stocks,Someone at CDPR must've had a crystal ball and predicted what the public prescription of Musk will be in the future so they never put him in the game.,15104,0.94,701,2025-09-08,https://i.redd.it/9bqx5j143znf1.jpeg
Apple,AAPL,stocks,Waiting to see $AAPL iPhone designs tomorrow? Just browse cases for sale on $AMZN.,1478,0.95,243,2025-09-09,https://www.reddit.com/gallery/1nc5wns
Apple,AAPL,stocks,"$AAPL - Apple launches Iphone 11, again.",25905,0.94,822,2025-09-09,https://i.redd.it/9u3ybxvzj6of1.jpeg
Tesla,TSLA,stocks,"BREAKING: Larry Ellison of Oracle, ORCL, is the richest person in the world, surpassing Elon Musk of Tesla, TSLA",849,0.97,112,2025-09-10,https://www.reddit.com/r/unusual_whales/comments/1ndg9v1/breaking_larry_ellison_of_oracle_orcl_is_the/
Apple,AAPL,stocks,Apple $AAPL unveils AirPods Pro 3 with live translation feature.,1294,0.96,151,2025-09-10,https://v.redd.it/irflgiuqw8of1
Tesla,TSLA,stocks,"Musk takes part in Robinson’s rally, backing a Neo-Nazi, with multiple convictions and pro-Putin. A great way to boost TSLA’s sales in Europe!",887,0.92,93,2025-09-14,https://i.redd.it/p3cni1sdk6pf1.jpeg
Amazon,AMZN,stocks,"Trump says TikTok deal went well – Who do you think will buy it: MSFT, ORCL, AMZN, or META?",947,0.92,442,2025-09-15,https://i.redd.it/ussazluwtepf1.jpeg
Apple,AAPL,stocks,"Many big CEOs are in the UK with Trump, including $NVDA, $MSFT, $AAPL, $PLTR, $CRM, OpenAI and more. The combined value of companies these CEOs represent is around $11.83 trillion USD.",3292,0.98,337,2025-09-18,https://v.redd.it/uqntbh3pnwpf1
Apple,AAPL,stocks,AAPL: Strong iPhone 17 demand,252,0.89,93,2025-09-20,https://www.reddit.com/r/stocks/comments/1nmambu/aapl_strong_iphone_17_demand/
Tesla,TSLA,stocks,TSLA bulls are celebrating rn.,530,0.85,334,2025-09-22,https://www.reddit.com/r/stocks/comments/1nnnij5/tsla_bulls_are_celebrating_rn/
Amazon,AMZN,stocks,AMZN yolo,239,0.94,109,2025-09-25,https://i.redd.it/vp8eefazkdrf1.png
Amazon,AMZN,stocks,"Whie you regards were losing money on AMZN and GOOG, IBM was printing stacks.",311,0.89,79,2025-09-25,https://i.redd.it/nsmt4c1n2crf1.png
Amazon,AMZN,stocks,Why does GOOG trade at a lower forward PE than AMZN?,154,0.9,152,2025-09-26,https://www.reddit.com/r/ValueInvesting/comments/1nr9xim/why_does_goog_trade_at_a_lower_forward_pe_than/
Amazon,AMZN,stocks,Thoughts on AMZN right now?,202,0.94,160,2025-09-26,https://www.reddit.com/r/ValueInvesting/comments/1nqrgka/thoughts_on_amzn_right_now/
Amazon,AMZN,stocks,AMZN vs GOOGL,99,0.95,130,2025-09-27,https://www.reddit.com/r/ValueInvesting/comments/1nrz0ln/amzn_vs_googl/
Apple,AAPL,stocks,"Yes I DID get to 10M through ""regular stock investments”!",5312,0.96,444,2025-09-28,https://i.redd.it/1xbc8lpj8yrf1.jpeg
Tesla,TSLA,stocks,BREAKING: Elon Musk of Tesla $TSLA has just became the first person in history to hit $500 billion in net worth.,861,0.88,265,2025-10-02,https://www.reddit.com/r/unusual_whales/comments/1nvpneq/breaking_elon_musk_of_tesla_tsla_has_just_became/
Apple,AAPL,stocks,$GOOGL getting ready to enter PC and operating software space to compete $MSFT $AAPL,1297,0.94,206,2025-10-02,https://www.theverge.com/news/784381/qualcomm-ceo-seen-googles-android-pc-merger-incredible
Apple,AAPL,stocks,"Someone just sold $6,560,000 worth of $AAPL 260 puts",3876,0.97,334,2025-10-07,https://i.redd.it/yfmg7nsxwptf1.jpeg
Amazon,AMZN,stocks,"Senator Hawley on Amazon, $AMZN",624,0.98,46,2025-10-08,https://v.redd.it/hbwxssr6extf1
Tesla,TSLA,stocks,Enjoy the weekend,40301,0.95,1251,2025-10-10,https://i.redd.it/4xiwo8lapcuf1.jpeg
Apple,AAPL,stocks,This wouldn’t happen if he got the Nobel prize,10043,0.94,437,2025-10-10,https://i.redd.it/kl44l1sd3cuf1.jpeg
Amazon,AMZN,stocks,Value Trap - AMZN,113,0.85,127,2025-10-20,https://www.reddit.com/r/ValueInvesting/comments/1obqpxr/value_trap_amzn/
Amazon,AMZN,stocks,Someone explain why amzn didn't crash,365,0.87,251,2025-10-21,https://www.reddit.com/r/ValueInvesting/comments/1ocaztv/someone_explain_why_amzn_didnt_crash/
Amazon,AMZN,stocks,Sell my $80k worth of AMZN stock?,204,0.81,224,2025-10-22,https://www.reddit.com/r/investing/comments/1ocytp6/sell_my_80k_worth_of_amzn_stock/
Apple,AAPL,stocks,"Pan Masala is the main reason , sauthi vadhare gutka aaple ahiya khavai che!!!",180,0.93,74,2025-10-22,https://i.redd.it/be8eqizycowf1.jpeg
Amazon,AMZN,stocks,AMZN to layoff 30k corporate staff from tomorrow,295,0.99,91,2025-10-27,https://www.reddit.com/r/redmond/comments/1ohnv10/amzn_to_layoff_30k_corporate_staff_from_tomorrow/
Apple,AAPL,stocks,Nancy Pelosi new filing shows she sold $AAPL,287,0.93,66,2025-10-27,https://i.redd.it/wnmrgbyndqxf1.png
Amazon,AMZN,stocks,Amazon is cutting 30k corporate jobs… and Wall Street is cheering lol,13023,0.93,1512,2025-10-27,https://www.reddit.com/r/stocks/comments/1ohn70r/amazon_is_cutting_30k_corporate_jobs_and_wall/
Amazon,AMZN,stocks,"JUST IN: Amazon $AMZN to fire 30,000 employees starting tomorrow. Source: WatcherGuru",269,0.97,180,2025-10-27,https://i.redd.it/vw8yquyrapxf1.jpeg
Amazon,AMZN,stocks,Turns out my dumbass might be a genius,16130,0.92,910,2025-10-27,https://i.redd.it/viwyo5je7qxf1.jpeg
Amazon,AMZN,stocks,MSAI + AMZN? Why I believe something big is brewing:,145,0.97,189,2025-10-27,https://www.reddit.com/r/pennystocks/comments/1ohtjlv/msai_amzn_why_i_believe_something_big_is_brewing/
Amazon,AMZN,stocks,"Amazon (AMZN) to announce largest layoffs in company history, totaling as many as 30k corporate workers, source says",585,0.98,69,2025-10-27,https://www.cnbc.com/2025/10/27/amazon-to-announce-sweeping-corporate-job-cuts-starting-tuesday.html
Amazon,AMZN,stocks,$AMZN robotics push is aiming to automate 75% of operations. That would replace over a million jobs  😳,383,0.95,122,2025-10-28,https://v.redd.it/g0gtm21tdtxf1
Amazon,AMZN,stocks,Just made 120k in AMZN,3123,0.92,289,2025-10-30,https://www.reddit.com/gallery/1okco3k
Apple,AAPL,stocks,Apple earnings strong beat and ecosystem domination AAPL is heading higher,217,0.93,77,2025-10-30,https://www.reddit.com/r/stocks/comments/1okb9l1/apple_earnings_strong_beat_and_ecosystem/
Amazon,AMZN,stocks,The last thing $AMZN bears see before getting margin-called,5803,0.97,265,2025-10-30,https://i.redd.it/abttvkf82cyf1.jpeg
Amazon,AMZN,stocks,AMZN's KUIPER is worth $500BN (part of $4T AMZN)..and it's being priced at $0.,121,0.72,139,2025-10-30,https://www.reddit.com/r/wallstreetbets/comments/1okbo7n/amzns_kuiper_is_worth_500bn_part_of_4t_amznand/
Apple,AAPL,stocks,AAPL and AMZN crush earnings. Nvidia time to show how it's done?,292,0.96,38,2025-10-31,https://i.redd.it/rtmk0hphccyf1.jpeg
Tesla,TSLA,stocks,TSLA: Flying Cars before end of the year,650,0.78,570,2025-10-31,https://www.reddit.com/r/stocks/comments/1ol71tn/tsla_flying_cars_before_end_of_the_year/
Tesla,TSLA,stocks,Elon just said on Rogan that TSLA will be revealing essentially a flying car. More technically advanced than any car James Bond has ever driven.,577,0.88,487,2025-10-31,https://www.reddit.com/r/RealTesla/comments/1ol72rg/elon_just_said_on_rogan_that_tsla_will_be/
Amazon,AMZN,stocks,AMZN FULL PORT STOCK GAIN,435,0.94,66,2025-10-31,https://www.reddit.com/gallery/1okh4k3
Tesla,TSLA,stocks,Are you holding $TSLA? One lucky upvoter will win $5k,541,0.71,95,2025-11-01,https://i.redd.it/5z368orevoyf1.jpeg
Amazon,AMZN,stocks,“Couple energy”,48679,0.94,1608,2025-11-01,https://i.redd.it/1ghrchz46nyf1.jpeg
Tesla,TSLA,stocks,3 Reasons why TSLA will dump to below 400$ before end of the Year,1886,0.93,303,2025-11-03,https://i.redd.it/y94dkj8u62zf1.png
Amazon,AMZN,stocks,Meta nvda goog amzn msft today with their AI investments,401,0.99,50,2025-11-03,https://i.redd.it/1vpmj9b062zf1.jpeg
Apple,AAPL,stocks,Reminder of what you're buying with SP500,8102,0.94,904,2025-11-06,https://i.redd.it/nns52vaz6pzf1.png
Tesla,TSLA,stocks,JUST IN: Tesla $TSLA shareholders approve Elon Musk's $1 trillion pay package.,99,0.71,342,2025-11-06,https://i.redd.it/1hza58px5qzf1.png
Tesla,TSLA,stocks,"JUST IN: Elon Musk's $1 Trillion pay package approved by Tesla $TSLA shareholders. Last month, Elon Musk became first person in history to surpass $500 billion net worth.",761,0.9,391,2025-11-06,https://i.redd.it/y1for4qsupzf1.jpeg
Amazon,AMZN,stocks,AMZN or GOOG which is better to invest long term?,370,0.81,334,2025-11-12,https://www.reddit.com/r/investing/comments/1ouquiy/amzn_or_goog_which_is_better_to_invest_long_term/
Amazon,AMZN,stocks,"AMZN and GOOG, which one is better for long term holding",210,0.87,183,2025-11-13,https://www.reddit.com/r/stocks/comments/1ovr3kb/amzn_and_goog_which_one_is_better_for_long_term/
Amazon,AMZN,stocks,GOOG &amp; AMZN,125,0.83,144,2025-11-15,https://www.reddit.com/r/ValueInvesting/comments/1oxu1lq/goog_amzn/
Apple,AAPL,stocks,Which stock do you plan to hold for the next 5 -10 years? I’m definitely sticking with TSLA and AAPL,15,0.76,98,2025-11-16,https://www.reddit.com/r/FinnextAI/comments/1oyl22g/which_stock_do_you_plan_to_hold_for_the_next_5_10/
Apple,AAPL,stocks,Are we headed for the biggest crash in history! 🔴,3700,0.93,874,2025-11-17,https://i.redd.it/fdpg1yl2ev1g1.jpeg
Apple,AAPL,stocks,This week’s recap,3097,0.87,290,2025-11-22,https://i.redd.it/uysi0k2mcu2g1.jpeg
Tesla,TSLA,stocks,Amazing gains from investment—long TSLA,1926,0.96,60,2025-11-22,https://i.redd.it/ll2yu8ujgu2g1.jpeg
Apple,AAPL,stocks,Sell AAPL or NVDA?,0,0.42,82,2025-12-01,https://www.reddit.com/r/stocks/comments/1pbkjq1/sell_aapl_or_nvda/
Apple,AAPL,stocks,"Out of curiosity, does anyone here make a living just off of owning a lot of AAPL shares or AAPL shares and other shares?",59,0.88,100,2025-12-03,https://www.reddit.com/r/AAPL/comments/1pcoxf5/out_of_curiosity_does_anyone_here_make_a_living/
Apple,AAPL,stocks,Daughter’s Apple investment milestone,13035,0.97,774,2025-12-03,https://i.redd.it/gyxlrwlos25g1.jpeg
Apple,AAPL,stocks,Why I think AAPL might be done for,287,0.85,93,2025-12-04,https://i.redd.it/a4uvww5e945g1.png
Amazon,AMZN,stocks,"GOOGL, AMZN, META etc. vs V, MA, KO, PG, etc.",180,0.92,160,2025-12-05,https://www.reddit.com/r/ValueInvesting/comments/1pepzas/googl_amzn_meta_etc_vs_v_ma_ko_pg_etc/
Tesla,TSLA,stocks,89K short on TSLA for next week,388,0.94,172,2025-12-05,https://i.redd.it/9gxnmhnspg5g1.jpeg
Tesla,TSLA,stocks,"Tesla is the most unreliable used car brand in America, even behind Jeep and Chrysler",35270,0.93,1975,2025-12-10,https://www.techspot.com/news/110538-used-teslas-among-least-reliable-vehicles-us-but.html
Amazon,AMZN,stocks,AMZN 2026,561,0.99,107,2025-12-11,https://i.redd.it/ws9dpv27ii6g1.png
Amazon,AMZN,stocks,AMZN vs GOOGL,234,0.94,130,2025-12-15,https://www.reddit.com/r/ValueInvesting/comments/1pncrl6/amzn_vs_googl/
Tesla,TSLA,stocks,"TSLA just hit a new all time high stock price, one day away from being exactly a year that it hit its last all time high",241,0.83,162,2025-12-16,https://i.redd.it/g22e2rxtmm7g1.jpeg
Tesla,TSLA,stocks,TSLA - expect sentiment shift after earnings,431,0.91,302,2025-12-16,https://www.reddit.com/r/wallstreetbets/comments/1pohi6c/tsla_expect_sentiment_shift_after_earnings/
Amazon,AMZN,stocks,Amazon's growth is hidden ($AMZN),166,0.94,99,2025-12-21,https://www.reddit.com/r/ValueInvesting/comments/1psb61l/amazons_growth_is_hidden_amzn/
Apple,AAPL,stocks,Silver surpasses Apple $AAPL to become the 3rd largest asset in the world by market cap.,311,0.96,29,2025-12-23,https://i.redd.it/me6ag0x0v09g1.jpeg
Apple,AAPL,stocks,Honest question to long term AAPL holders: what’s the next real leg up?,42,0.91,54,2025-12-23,https://www.reddit.com/r/AAPL/comments/1pu13qe/honest_question_to_long_term_aapl_holders_whats/
Amazon,AMZN,stocks,How did WSB's stock picks of 2025 perform?,5669,0.98,650,2025-12-24,https://www.reddit.com/r/wallstreetbets/comments/1puy95u/how_did_wsbs_stock_picks_of_2025_perform/
Tesla,TSLA,stocks,"GM outperformed TSLA this year, up 55.66% vs 14.70%.",984,0.97,134,2025-12-29,https://i.redd.it/ajsn1j0s17ag1.png
Tesla,TSLA,stocks,Tesla (TSLA) does something unsual ahead of Q4 delivery results,232,0.95,159,2025-12-30,https://electrek.co/2025/12/29/tesla-tsla-does-something-unsual-q4-delivery-results/
Amazon,AMZN,stocks,My Turn. Became a millionaire in 2025.,19176,0.93,1206,2026-01-01,https://www.reddit.com/gallery/1q19tl3
Apple,AAPL,stocks,Turned into 🌈🐻 $AAPL TO 230,105,0.92,48,2026-01-02,https://i.redd.it/6hswosgzxyag1.jpeg
Amazon,AMZN,stocks,Convince me that AMZN is in the same spot GOOGL was a year ago with facts and not technical analysis,147,0.91,102,2026-01-03,https://www.reddit.com/r/amzn/comments/1q2fxqg/convince_me_that_amzn_is_in_the_same_spot_googl/
Apple,AAPL,stocks,AAPL is about to moon because Elon said it’s the new Tesla of smartphones or something,16,0.87,60,2026-01-05,https://www.reddit.com/gallery/1q4puss
Tesla,TSLA,stocks,Millennial Dad Starter Pack,12183,0.92,1365,2026-01-06,https://i.redd.it/mqq5y5ql6rbg1.jpeg
Apple,AAPL,stocks,Could Apple's stock price really drop to $200? I'm waiting to average down， am I being too patient?,4,0.56,59,2026-01-06,https://www.reddit.com/r/stocks/comments/1q5no4j/could_apples_stock_price_really_drop_to_200_im/
Apple,AAPL,stocks,AAPL price debate: still a “safe premium” or quietly becoming dead money?,22,0.71,39,2026-01-07,https://www.reddit.com/r/stocks/comments/1q6w0hi/aapl_price_debate_still_a_safe_premium_or_quietly/
Amazon,AMZN,stocks,Going balls deep on GOOG thanks to insiders on Polymarket,3493,0.95,536,2026-01-07,https://www.reddit.com/r/wallstreetbets/comments/1q61elv/going_balls_deep_on_goog_thanks_to_insiders_on/
Amazon,AMZN,stocks,AMZN $135 CALL HOLD OR SELL?,141,0.92,71,2026-01-08,https://i.redd.it/km3qs6kb06cg1.jpeg
Apple,AAPL,stocks,Is AAPL going to peak in 2026?,0,0.35,33,2026-01-09,https://www.reddit.com/r/investing/comments/1q7soen/is_aapl_going_to_peak_in_2026/
Apple,AAPL,stocks,"Apple admits defeat. Puts on Tim Cook, Calls on Sundar. 🚀",2416,0.9,396,2026-01-09,https://i.redd.it/yvjgxii4gbcg1.jpeg
Apple,AAPL,stocks,"Apple, $AAPL, CEO Tim Cook ""has told senior leaders that he is tired and would like to reduce his workload,"" per NYT",188,0.98,33,2026-01-09,http://twitter.com/1200616796295847936/status/2009620422103601337
Amazon,AMZN,stocks,GOOGL vs AMZN: Best pick for a 5-7 year horizon?,362,0.9,226,2026-01-11,https://www.reddit.com/r/stocks/comments/1q9n83z/googl_vs_amzn_best_pick_for_a_57_year_horizon/
Apple,AAPL,stocks,Is AAPL sleepwalking its way to be the next Blackberry/Intel?,0,0.45,68,2026-01-13,https://www.reddit.com/r/investing/comments/1qc5meq/is_aapl_sleepwalking_its_way_to_be_the_next/
Tesla,TSLA,stocks,"Tesla (TSLA) to stop selling Full Self-Driving package, moves to subscription-only: why it's a big move",622,0.96,176,2026-01-14,https://electrek.co/2026/01/14/tesla-tsla-stop-selling-full-self-driving-package-subscription-only/
Tesla,TSLA,stocks,Elon Musk announced that Tesla $TSLA Full Self-Driving will switch to a monthly subscription and remove the option of a one-time purchase,331,0.82,339,2026-01-14,https://i.redd.it/8fe75pstabdg1.png
Tesla,TSLA,stocks,Autonomy Turns Driving Into A Subscription And $TSLA Controls The Toll Booth 🤖,652,0.89,507,2026-01-15,https://i.redd.it/sayqrczqjidg1.jpeg
Apple,AAPL,stocks,🇬🇱,9902,0.97,145,2026-01-20,https://i.redd.it/31upz0qosjeg1.jpeg
Apple,AAPL,stocks,$AAPL BEAR 🐻 HERE 90k gain,282,0.93,49,2026-01-20,https://i.redd.it/c9i8bng06jeg1.jpeg
Apple,AAPL,stocks,Rule.,9328,1.0,116,2026-01-20,https://i.redd.it/mfjxavqfgkeg1.jpeg
Tesla,TSLA,stocks,$TSLA Tesla profits are down 70% over the past 3 years. How is this not a disaster?,1102,0.98,382,2026-01-22,https://i.redd.it/2f2ukwddoueg1.jpeg
Amazon,AMZN,stocks,Amazon Just announces a new round of Lay-offs. Combined with AI driven lay-offs. $AMZN,3283,0.97,471,2026-01-22,https://www.reuters.com/business/world-at-work/amazon-plans-thousands-more-corporate-job-cuts-next-week-sources-say-2026-01-22/
Tesla,TSLA,stocks,TSLA Terathread - For the week of Jan 26,14,1.0,362,2026-01-26,https://www.reddit.com/r/RealTesla/comments/1qnc09m/tsla_terathread_for_the_week_of_jan_26/
Apple,AAPL,stocks,Breaking 🚨: Nancy Pelosi disclosed new trades — Sold ~$50M of $AAPL (Apple) Sold ~$5M of $DIS (Disney) Sold ~$500K of $PYPL (PayPal) Purchased ~$500K in $GOOGL (Google) call options,245,0.95,60,2026-01-27,https://www.reddit.com/gallery/1qo394t
Tesla,TSLA,stocks,$TSLA Q4'25 Earnings Thread - 2026,20,0.88,326,2026-01-28,https://www.reddit.com/r/TSLALounge/comments/1qoy2nv/tsla_q425_earnings_thread_2026/
Tesla,TSLA,stocks,Elon is not becoming a trillionaire anytime soon...,2138,0.87,758,2026-01-28,https://www.reddit.com/r/wallstreetbets/comments/1qp1kwh/elon_is_not_becoming_a_trillionaire_anytime_soon/
Tesla,TSLA,stocks,"$TSLA Daily Thread - January 29, 2026",20,0.92,307,2026-01-29,https://www.reddit.com/r/TSLALounge/comments/1qpxe8w/tsla_daily_thread_january_29_2026/
Tesla,TSLA,stocks,Fool me once TSLA...,226,0.9,107,2026-01-29,https://www.reddit.com/r/stocks/comments/1qpt84a/fool_me_once_tsla/
Apple,AAPL,stocks,AAPL Quarterly Revenue $143.8 billion (up 15.7% YoY),276,0.97,122,2026-01-29,https://www.reddit.com/r/stocks/comments/1qqlw14/aapl_quarterly_revenue_1438_billion_up_157_yoy/
Apple,AAPL,stocks,MSFT has underperformed the S&amp;P 500 in the past 5 years,2468,0.96,220,2026-02-01,https://i.redd.it/zih44y0wzrgg1.png
Amazon,AMZN,stocks,Majority of books in Amazon's ‘Success' self-help genre likely written by AI : Study,5150,0.99,204,2026-02-03,https://www.yahoo.com/news/articles/majority-books-amazons-success-self-143000246.html?guccounter=1&amp;guce_referrer=aHR0cHM6Ly93d3cuZ29vZ2xlLmNvbS8&amp;guce_referrer_sig=AQAAAEkZwFNkzdeVUwvxyvHrq13W5UAZPXMtMQRR7eT1EStidFSEdcWaWvIFhfhwC_VZerEtP0Xs-nM879pXVEHoaXdd_RcikQeBse6TLM3QNHAu8ToQzn6ZugNhiqxAUxXLz0cebGfY4lY41KRts5PK5e2YMdPWUafjd8ZyBxRoxff4
Tesla,TSLA,stocks,"TSLA: “The Upside Down”. In three years, profit estimates have fallen by 70%, while the stock has risen by almost 200%.",835,0.99,79,2026-02-03,https://i.redd.it/phimj5x4t9hg1.jpeg
Apple,AAPL,stocks,AAPL up 32% in 6 months - Is this sustainable or are we due for a correction?,244,0.94,53,2026-02-03,https://i.redd.it/clzh2t4ugbhg1.jpeg
Amazon,AMZN,stocks,Happy Wednesday 🔴,3247,0.99,389,2026-02-04,https://i.redd.it/fp7y87rrfihg1.jpeg
Amazon,AMZN,stocks,When did AMZN become a meme stock?,203,0.93,74,2026-02-05,https://i.redd.it/d0z62jnl7rhg1.jpeg
Amazon,AMZN,stocks,Please do not look at your portfolio today 🤦🏽‍♂️😭🔴😳,3271,0.98,391,2026-02-05,https://i.redd.it/2bijs2w83phg1.jpeg
Amazon,AMZN,stocks,I expect AMZN to materially beat their Q4 '25 Earnings,169,0.88,165,2026-02-05,https://www.reddit.com/r/wallstreetbets/comments/1qw73pi/i_expect_amzn_to_materially_beat_their_q4_25/
Amazon,AMZN,stocks,"AMZN misses on EPS, down 10% in AH",396,0.97,143,2026-02-05,https://www.cnbc.com/2026/02/05/amazon-amzn-q4-earnings-report-2025.html
Amazon,AMZN,stocks,"GOOG: I'm spending $180b on Capex. AMZN: ""Hold my beer""",780,0.97,158,2026-02-05,https://www.reddit.com/r/stocks/comments/1qx093r/goog_im_spending_180b_on_capex_amzn_hold_my_beer/
Amazon,AMZN,stocks,AMZN Quarterly Revenue $213.4 billion (up 13.6% YoY),285,0.96,162,2026-02-05,https://www.reddit.com/r/stocks/comments/1qwxm66/amzn_quarterly_revenue_2134_billion_up_136_yoy/
Amazon,AMZN,stocks,"Amazon stock falls 10% on $200 billion spending forecast, earnings miss",2382,0.97,391,2026-02-05,https://www.reddit.com/r/stocks/comments/1qwxret/amazon_stock_falls_10_on_200_billion_spending/
Amazon,AMZN,stocks,"GOOG, AMZN, MSFT - which one of these giants are you building right now?",256,0.89,361,2026-02-05,https://www.reddit.com/r/ValueInvesting/comments/1qwtlb1/goog_amzn_msft_which_one_of_these_giants_are_you/
Amazon,AMZN,stocks,bossVibeCodedOnce,2834,0.93,331,2026-02-06,https://www.reddit.com/gallery/1qxwann
Amazon,AMZN,stocks,AMZN 😢,145,0.94,68,2026-02-06,https://i.redd.it/i7a5k46doshg1.jpeg
Apple,AAPL,stocks,Happy Friday 🟢 😃,2047,0.98,206,2026-02-06,https://i.redd.it/id2bh2vrlwhg1.jpeg
Amazon,AMZN,stocks,AMZN &amp; GOOG Capex will make Micron moon,148,0.89,99,2026-02-06,https://www.reddit.com/r/stocks/comments/1qx2yfh/amzn_goog_capex_will_make_micron_moon/
Amazon,AMZN,stocks,Amazon at 205. Down 9% ytd and 14% the last 12 months. Is it a buy?,107,0.91,110,2026-02-06,https://www.reddit.com/r/ValueInvesting/comments/1qxmqwy/amazon_at_205_down_9_ytd_and_14_the_last_12/
Amazon,AMZN,stocks,AMZN is down almost 20% YOY and only up 30% in 5 years - no dividends!,757,0.97,203,2026-02-06,https://www.reddit.com/r/ValueInvesting/comments/1qx2bpy/amzn_is_down_almost_20_yoy_and_only_up_30_in_5/
Amazon,AMZN,stocks,AMZN dip is free money,332,0.95,72,2026-02-06,https://i.redd.it/x1ih9nbqwwhg1.jpeg
Amazon,AMZN,stocks,Why has AMZN been the most underperforming MAG7 stock in past 5 years?,438,0.93,202,2026-02-06,https://www.reddit.com/r/stocks/comments/1qxrvun/why_has_amzn_been_the_most_underperforming_mag7/
Tesla,TSLA,stocks,Tesla (TSLA) can't find the bottom in Europe as 2026 starts with another brutal decline,9046,0.97,381,2026-02-06,https://electrek.co/2026/02/02/tesla-tsla-cant-find-bottom-europe-2026-brutal-decline/
Amazon,AMZN,stocks,AMZN fell -9.5% after Nancy Pelosi sold ahead of earnings,1343,0.94,113,2026-02-07,https://i.redd.it/yhzkaiwuz2ig1.png
Tesla,TSLA,stocks,My dad lent me 600k to open a coffee shop. I used it to trade stocks while searching for supplies and a location. I ended up doubling the money in a year and eventually scrapped the coffee shop business plan.,4961,0.86,1170,2026-02-08,https://i.redd.it/4f2dqcns36ig1.jpeg
Amazon,AMZN,stocks,I’m curious why people aren’t more bullish on AMZN right now.,153,0.95,105,2026-02-09,https://i.redd.it/rce4hjotuiig1.jpeg
Amazon,AMZN,stocks,AMZN is a no brainer at this price,275,0.9,112,2026-02-09,https://i.redd.it/chq0ic23sjig1.jpeg
Tesla,TSLA,stocks,"$600,000 in short dated TSLA puts",1574,0.96,380,2026-02-09,https://i.redd.it/bz79atfnljig1.jpeg
Amazon,AMZN,stocks,Buy the dip AMZN,578,0.88,134,2026-02-09,https://i.redd.it/nbx50eq0rjig1.jpeg
Amazon,AMZN,stocks,$AMZN is trading at its lowest valuation ever. Yes. Ever.,575,0.98,126,2026-02-10,https://i.redd.it/20znoyz5qoig1.jpeg
Amazon,AMZN,stocks,Am I crazy to think AMZN can hit $300 and META can hit $1000 this year?,647,0.81,372,2026-02-11,https://www.reddit.com/r/stocks/comments/1r2cxb1/am_i_crazy_to_think_amzn_can_hit_300_and_meta_can/
Apple,AAPL,stocks,Happy Thursday 😭🔻,2086,0.98,284,2026-02-12,https://i.redd.it/xtzu37j5a3jg1.jpeg
Amazon,AMZN,stocks,"If AMZN goes up 8% tomorrow this will be worth $1 million. If not, I’m cooked",14875,0.92,2957,2026-02-12,https://i.redd.it/ix0tvirso4jg1.jpeg
Amazon,AMZN,stocks,Put my entire savings into AMZN at $215… now it’s $198. Feeling sick.,25,0.86,50,2026-02-12,https://www.reddit.com/r/amzn/comments/1r38dnp/put_my_entire_savings_into_amzn_at_215_now_its/
Amazon,AMZN,stocks,Bought AMZN at $215 thinking it was the dip… now it’s $198. Am I about to be a bag holder?,116,0.82,177,2026-02-12,https://www.reddit.com/r/amzn/comments/1r34azz/bought_amzn_at_215_thinking_it_was_the_dip_now/
Amazon,AMZN,stocks,"If you had kept your money in a HYSA compounding at a 3.5% yield for five years, you would’ve had the same return as AMZN.",312,0.98,48,2026-02-12,https://i.redd.it/sel826oy93jg1.jpeg
Amazon,AMZN,stocks,Bought AMZN at $215 thinking it was the dip… now it’s $198. Am I about to be a bag holder?,41,0.98,84,2026-02-12,https://www.reddit.com/r/StocksAndTrading/comments/1r3485p/bought_amzn_at_215_thinking_it_was_the_dip_now/
Tesla,TSLA,stocks,Tesla (TSLA) sales in China crash 45% to lowest level in over three years,954,0.99,122,2026-02-12,https://electrek.co/2026/02/12/tesla-tsla-sales-in-china-crash-45-to-lowest-level-in-over-three-years/?extended-comments=1
Tesla,TSLA,stocks,Tesla (TSLA) US sales estimated to have dropped 17% in January,937,0.98,151,2026-02-13,https://electrek.co/2026/02/13/tesla-tsla-us-sales-estimated-to-have-dropped-17-january/
Apple,AAPL,stocks,WTF is going on,33,0.83,105,2026-02-13,https://www.reddit.com/r/AAPL/comments/1r3zxne/wtf_is_going_on/
Tesla,TSLA,stocks,"In your view, why is TSLA a good stock to have?",0,0.48,110,2026-02-14,https://www.reddit.com/r/teslainvestorsclub/comments/1r48a93/in_your_view_why_is_tsla_a_good_stock_to_have/
Amazon,AMZN,stocks,21M. Started my $AMZN position.,183,0.96,70,2026-02-15,https://i.redd.it/8uiymmg4bpjg1.jpeg
Amazon,AMZN,stocks,"When companies can't buy hard drives, they'll buy the next best thing (cloud storage)",2134,0.89,534,2026-02-17,https://www.reddit.com/r/wallstreetbets/comments/1r7gukx/when_companies_cant_buy_hard_drives_theyll_buy/
Apple,AAPL,stocks,DeepSeek V4 release soon,3942,0.94,179,2026-02-17,https://i.redd.it/ktblamq5x0kg1.jpeg
Tesla,TSLA,stocks,"Ross Gerber Says Elon Musk's Tesla Should Sell EV Business To Rivian, Says TSLA Brand Reduced To 'Negative'",721,0.95,164,2026-02-19,https://finance.yahoo.com/news/ross-gerber-says-elon-musks-230112600.html
Amazon,AMZN,stocks,The Hudson Williams Effect: Yaga sold out on AMZN and B&amp;N 😱,563,0.99,31,2026-02-19,https://i.redd.it/dj0n3rtm5dkg1.jpeg
Tesla,TSLA,stocks,"Ross Gerber Says Elon Musk's Tesla Should Sell EV Business To Rivian, Says TSLA Brand Reduced To 'Negative'",832,0.98,153,2026-02-20,https://www.reddit.com/r/RealTesla/comments/1r9v2p2/ross_gerber_says_elon_musks_tesla_should_sell_ev/
Apple,AAPL,stocks,Everyone is rushing to buy Mac minis to vibe code on OpenClaw. Bullish $AAPL,111,0.72,92,2026-02-21,https://i.redd.it/u4ax259hpskg1.jpeg
Apple,AAPL,stocks,The moment I buy a thousand dollars worth of puts,5704,0.99,142,2026-02-22,https://i.redd.it/to6exay5g4lg1.jpeg
Amazon,AMZN,stocks,700 billion GONE !,2655,0.92,322,2026-02-23,https://i.redd.it/74esmv8aiblg1.jpeg
Tesla,TSLA,stocks,TSLA 397.5C gained 6150% in the last 4 minutes. Option volume spiked at the exact bottom.,408,0.93,90,2026-02-23,https://www.reddit.com/r/options/comments/1rcu7gx/tsla_3975c_gained_6150_in_the_last_4_minutes/
Apple,AAPL,stocks,"Tim Cook of $AAPL was told by the CIA that China would move on Taiwan by 2027, per MacRumors",369,0.98,53,2026-02-24,http://twitter.com/1200616796295847936/status/2026320251722334601
Amazon,AMZN,stocks,A red sun rises .. 📉🔻🔻,9511,0.98,190,2026-02-24,https://i.redd.it/ub6ua2brbclg1.jpeg
Apple,AAPL,stocks,"Tim Apple Warned by CIA That China Could Move on Taiwan by 2027 (AAPL +2.25%, TSM +4.25%)",1851,0.91,456,2026-02-24,https://www.reddit.com/r/stocks/comments/1rdtn70/tim_apple_warned_by_cia_that_china_could_move_on/
Tesla,TSLA,stocks,OpenAI’s planned cash burn is insane...,24078,0.97,1972,2026-02-24,https://i.redd.it/888oavi9bglg1.jpeg
Tesla,TSLA,stocks,OpenAI is causing a GPU shortage in order to lose money,11940,0.97,982,2026-02-24,https://i.redd.it/l37qbqbkhglg1.jpeg
Apple,AAPL,stocks,"Big Six (AAPL, AMZN, GOOGL, META, MSFT, NVDA): Combined Quarterly Revenue $680 billion and Net Income $202 billion",673,0.96,159,2026-02-26,https://www.reddit.com/r/stocks/comments/1rexrcu/big_six_aapl_amzn_googl_meta_msft_nvda_combined/
Amazon,AMZN,stocks,What about this beast? https://amzn.to/3ZX1Ypu,65,0.93,73,2026-02-26,https://www.reddit.com/gallery/1rf4u4a
Apple,AAPL,stocks,The Chinese stock market about to open on Monday when they find out their oil supply from Iran was just cutoff. ☠️,1378,0.88,347,2026-03-01,https://i.redd.it/b5zn04ke1emg1.jpeg
Apple,AAPL,stocks,Red light therapy is key. Practice for Monday.,20924,0.98,430,2026-03-01,https://i.redd.it/mijxrgn8lcmg1.jpeg
Amazon,AMZN,stocks,AMZN sitting at a make or break level right now. Here's my full breakdown.,0,0.36,9,2026-03-03,https://www.reddit.com/gallery/1rjzlvw
Tesla,TSLA,stocks,The valuation premium for the Mag7 ex $TSLA relative to the rest of the market just hit 2011 levels.,442,0.93,112,2026-03-03,https://i.redd.it/da0dp1q8nvmg1.png
Apple,AAPL,stocks,"$950,000,000,000 has been wiped out of the US stock market since open.🔻",8873,0.95,884,2026-03-03,https://i.redd.it/orvpgt2cxumg1.jpeg
Apple,AAPL,stocks,Domicile certificate (aaple sarkar),205,0.99,58,2026-03-04,https://i.redd.it/6rsfrwudjzmg1.jpeg
Apple,AAPL,stocks,My 2026 Stock Picks (as of March) Based on My Screening Framework,133,0.92,63,2026-03-05,https://www.reddit.com/r/ValueInvesting/comments/1rladth/my_2026_stock_picks_as_of_march_based_on_my/
Apple,AAPL,stocks,The $599 iPhone 17e made me rethink $AAPL’s near term outlook,158,0.79,128,2026-03-05,https://www.reddit.com/r/investing/comments/1rldtns/the_599_iphone_17e_made_me_rethink_aapls_near/
Apple,AAPL,stocks,AAPL holding steady around $200-205 despite macro noise – is this the budget launch turnaround signal or just priced-in optimism?,0,0.27,15,2026-03-06,https://www.reddit.com/r/ValueInvesting/comments/1rm7n5p/aapl_holding_steady_around_200205_despite_macro/
Apple,AAPL,stocks,"Over $805,000,000,000 wiped out from the US stock market today.",3003,0.98,183,2026-03-06,https://i.redd.it/9cilzzqhfing1.jpeg
Tesla,TSLA,stocks,My prediction for $TSLA - sub-$200 by mid-April,2,0.56,4,2026-03-11,https://www.reddit.com/r/NextTraders/comments/1rr46wi/my_prediction_for_tsla_sub200_by_midapril/
Apple,AAPL,stocks,JUST IN: 🇺🇸 Nearly $1 trillion wiped out from the US stock market today.,1958,0.98,191,2026-03-12,https://i.redd.it/p848gd38zoog1.jpeg
Apple,AAPL,stocks,"Gee, no way AAPL can go any lower, better buy calls!",417,0.93,153,2026-03-13,https://www.reddit.com/gallery/1rsyo1n
Apple,AAPL,stocks,"$2,000,000,000,000 wiped out from the US stock market in the past month.",4549,0.97,523,2026-03-13,https://i.redd.it/pd1jx13mrvog1.jpeg
Amazon,AMZN,stocks,Amazon ($AMZN) — The $200B Gamble for Global Dominance,1,0.6,3,2026-03-13,https://www.youtube.com/watch?v=7mTAcRU7vOE
Amazon,AMZN,stocks,What’s your avg for AMZN?,39,0.87,82,2026-03-13,https://i.redd.it/irlsxim38vog1.jpeg
Amazon,AMZN,stocks,Amzn,14,0.89,37,2026-03-17,https://i.redd.it/y3yjp5s33mpg1.jpeg
Apple,AAPL,stocks,I'm getting a lot less bullish on Apple,0,0.31,26,2026-03-18,https://www.reddit.com/r/investing/comments/1rwo3fe/im_getting_a_lot_less_bullish_on_apple/
Tesla,TSLA,stocks,"TSLA the decline has now halted, and a rebound is imminent.",0,0.35,35,2026-03-18,https://www.reddit.com/r/TSLA/comments/1rxdg1e/tsla_the_decline_has_now_halted_and_a_rebound_is/
Tesla,TSLA,stocks,"$TSLA Daily Thread - March 19, 2026",14,0.82,103,2026-03-19,https://www.reddit.com/r/TSLALounge/comments/1rxobqh/tsla_daily_thread_march_19_2026/
Tesla,TSLA,stocks,TSLA Puts Short-term Gains+ 200% $$$ 41k,6,0.8,23,2026-03-19,https://www.reddit.com/r/stockstobuytoday/comments/1ry4h6b/tsla_puts_shortterm_gains_200_41k/
Apple,AAPL,stocks,"Over $1,100,000,000,000 wiped out from the US stock market today. Something big is about to happen.",5890,0.97,509,2026-03-20,https://i.redd.it/6qvoxpxnm9qg1.png
Tesla,TSLA,stocks,"$TSLA Daily Thread - March 20, 2026",13,0.84,85,2026-03-20,https://www.reddit.com/r/TSLALounge/comments/1ryjlbi/tsla_daily_thread_march_20_2026/
Amazon,AMZN,stocks,The Dow Jones has officially entered correction territory.,5367,0.98,203,2026-03-20,https://www.reddit.com/gallery/1rz8ypm
Apple,AAPL,stocks,THANKS FOR YOUR ATTENTION,5264,0.97,188,2026-03-21,https://i.redd.it/lgjce97d0cqg1.jpeg
Amazon,AMZN,stocks,Wife will divorce me if she finds out,2262,0.77,1153,2026-03-26,https://i.redd.it/9v0wczjbpfrg1.jpeg
Amazon,AMZN,stocks,"Over $1,000,000,000,000 wiped out from the US stock market today.",4914,0.97,399,2026-03-26,https://i.redd.it/63ike8n9jgrg1.jpeg
